interaction_id,customer_id,interaction_ts,channel,reason,is_complaint,sentiment_score
1,1000001,2026-04-26 14:09:00,call,service,False,0.36
2,1000001,2026-06-14 23:22:00,call,rates,False,-0.17
3,1000002,2026-09-07 07:01:00,branch,other,False,0.89
4,1000003,2026-08-16 16:31:00,email,service,False,0.72
5,1000004,2026-06-12 13:49:00,branch,service,False,0.37
6,1000005,2026-05-31 06:24:00,chat,other,False,0.68
7,1000005,2026-05-01 01:59:00,email,other,False,0.22
8,1000005,2026-09-03 11:28:00,chat,service,False,0.04
9,1000007,2026-04-14 09:28:00,email,service,False,0.07
10,1000008,2026-04-03 02:20:00,chat,rates,False,0.57
11,1000009,2026-06-14 05:17:00,chat,rates,True,-0.77
12,1000009,2026-09-16 22:40:00,branch,fees,True,-0.25
13,1000009,2026-09-14 22:42:00,call,service,True,-0.43
14,1000011,2026-09-23 19:41:00,chat,fees,True,-0.87
15,1000011,2026-06-24 16:23:00,chat,fees,True,-0.31
16,1000011,2026-07-05 16:16:00,call,service,False,-0.36
17,1000011,2026-07-10 16:07:00,email,service,False,-0.96
18,1000012,2026-08-18 14:10:00,email,service,False,0.58
19,1000012,2026-06-24 09:59:00,email,service,False,0.72
20,1000013,2026-08-21 18:12:00,branch,rates,False,-0.68
21,1000013,2026-09-06 12:55:00,chat,service,False,-0.27
22,1000013,2026-08-03 03:55:00,chat,rates,False,-0.64
23,1000013,2026-05-20 01:44:00,branch,close_account,True,-0.97
24,1000013,2026-09-15 02:29:00,email,service,False,-0.96
25,1000014,2026-08-30 17:30:00,chat,rates,False,0.63
26,1000015,2026-06-28 23:42:00,chat,rates,True,-0.35
27,1000015,2026-08-03 02:15:00,branch,fees,True,-0.73
28,1000015,2026-07-14 16:51:00,call,rates,False,-0.39
29,1000015,2026-09-10 01:37:00,branch,other,True,-0.35
30,1000015,2026-08-03 17:02:00,chat,fees,True,-0.21
31,1000016,2026-07-09 21:42:00,branch,other,False,0.52
32,1000016,2026-07-04 09:37:00,branch,service,False,-0.14
33,1000017,2026-08-28 02:53:00,branch,other,False,-0.13
34,1000017,2026-04-02 18:02:00,call,service,False,0.27
35,1000018,2026-04-01 16:52:00,chat,other,False,0.22
36,1000020,2026-06-29 13:11:00,branch,service,False,0.39
37,1000021,2026-07-31 16:11:00,chat,service,False,0.02
38,1000021,2026-05-30 02:01:00,branch,service,False,1.0
39,1000022,2026-06-12 19:06:00,call,close_account,True,-0.41
40,1000022,2026-04-17 12:26:00,email,close_account,False,-0.75
41,1000022,2026-04-08 22:39:00,call,fees,False,-0.22
42,1000023,2026-07-09 18:50:00,email,other,False,-0.09
43,1000023,2026-08-20 23:12:00,call,rates,False,0.36
44,1000023,2026-09-28 20:58:00,email,fees,False,0.62
45,1000024,2026-07-26 14:39:00,call,fees,False,0.54
46,1000024,2026-04-16 14:27:00,call,fees,False,0.68
47,1000025,2026-05-12 01:34:00,chat,service,False,0.29
48,1000025,2026-07-05 11:43:00,chat,service,False,-0.03
49,1000026,2026-08-04 23:54:00,email,service,False,0.93
50,1000026,2026-05-22 19:56:00,branch,rates,False,0.46
51,1000027,2026-05-27 03:30:00,chat,other,False,0.96
52,1000028,2026-08-02 19:58:00,chat,close_account,True,-0.52
53,1000028,2026-06-16 06:24:00,call,fees,False,-0.93
54,1000028,2026-07-09 19:07:00,chat,close_account,True,-0.65
55,1000028,2026-09-28 22:40:00,chat,service,False,-0.79
56,1000028,2026-08-03 21:52:00,call,service,True,-0.75
57,1000029,2026-07-07 17:10:00,branch,rates,True,-0.81
58,1000029,2026-07-27 17:10:00,chat,close_account,True,-0.25
59,1000029,2026-04-06 11:40:00,email,fees,True,-0.46
60,1000030,2026-07-08 12:06:00,call,rates,False,0.14
61,1000030,2026-08-20 23:03:00,chat,other,False,0.5
62,1000032,2026-09-22 00:00:00,email,other,False,0.73
63,1000032,2026-04-15 16:11:00,chat,fees,False,0.98
64,1000033,2026-07-13 22:44:00,chat,rates,True,-0.71
65,1000033,2026-04-08 14:33:00,email,rates,False,-0.65
66,1000033,2026-09-18 00:30:00,call,service,False,-0.56
67,1000033,2026-05-10 14:18:00,email,fees,False,-0.41
68,1000033,2026-07-21 23:04:00,branch,service,True,-0.71
69,1000034,2026-09-23 08:11:00,branch,rates,False,0.04
70,1000034,2026-04-24 12:46:00,chat,other,False,0.39
71,1000034,2026-07-01 06:13:00,call,rates,False,0.64
72,1000036,2026-07-28 01:13:00,chat,service,False,0.56
73,1000037,2026-08-04 15:51:00,call,other,False,-0.47
74,1000037,2026-07-12 22:28:00,call,service,True,-0.95
75,1000037,2026-07-10 13:02:00,email,service,False,-0.91
76,1000037,2026-08-09 13:28:00,email,fees,False,-0.63
77,1000038,2026-05-21 10:31:00,chat,fees,False,0.99
78,1000038,2026-05-08 12:08:00,chat,other,False,0.65
79,1000039,2026-05-14 05:22:00,call,fees,False,0.74
80,1000039,2026-07-14 21:59:00,call,fees,False,0.43
81,1000040,2026-07-08 07:21:00,email,service,False,0.18
82,1000040,2026-07-26 23:19:00,call,service,False,0.25
83,1000041,2026-04-05 11:58:00,email,rates,False,0.96
84,1000041,2026-07-30 22:46:00,email,rates,False,0.41
85,1000042,2026-05-24 12:31:00,chat,other,False,0.14
86,1000042,2026-07-02 20:04:00,email,service,False,-0.07
87,1000042,2026-07-16 03:38:00,branch,rates,False,-0.17
88,1000043,2026-06-17 23:46:00,call,other,False,-0.1
89,1000043,2026-08-22 03:08:00,email,rates,False,-0.16
90,1000044,2026-05-26 14:38:00,call,service,False,0.97
91,1000044,2026-04-20 21:13:00,branch,service,False,-0.01
92,1000044,2026-05-02 18:18:00,branch,rates,False,0.25
93,1000045,2026-04-12 20:27:00,branch,service,False,0.04
94,1000045,2026-07-19 08:10:00,call,service,False,-0.24
95,1000046,2026-06-23 06:43:00,call,other,False,0.66
96,1000047,2026-09-21 17:26:00,call,fees,False,0.9
97,1000047,2026-08-09 23:29:00,call,fees,False,0.85
98,1000049,2026-07-29 22:30:00,chat,service,False,0.61
99,1000050,2026-06-28 20:29:00,email,service,False,0.24
100,1000050,2026-04-09 18:21:00,branch,rates,False,-0.09
101,1000051,2026-06-21 22:31:00,email,rates,False,0.03
102,1000052,2026-07-21 13:58:00,email,service,False,0.22
103,1000052,2026-07-09 07:05:00,chat,service,False,0.98
104,1000053,2026-08-03 19:26:00,email,service,False,0.26
105,1000054,2026-07-20 18:38:00,call,service,False,0.43
106,1000054,2026-04-10 00:15:00,branch,service,False,0.16
107,1000055,2026-07-31 21:32:00,chat,fees,False,0.02
108,1000056,2026-07-03 22:31:00,branch,rates,False,-0.17
109,1000056,2026-05-02 18:14:00,call,other,False,0.84
110,1000056,2026-09-17 12:33:00,branch,other,False,0.6
111,1000058,2026-05-19 08:07:00,chat,other,False,0.85
112,1000058,2026-08-20 09:33:00,email,service,False,-0.06
113,1000059,2026-07-29 08:59:00,chat,service,False,-0.88
114,1000059,2026-05-11 03:15:00,email,rates,False,-0.8
115,1000059,2026-07-12 14:35:00,call,fees,True,-0.75
116,1000059,2026-06-07 22:17:00,chat,close_account,True,-0.86
117,1000059,2026-04-14 01:20:00,call,rates,False,-0.34
118,1000059,2026-04-26 14:12:00,email,fees,True,-0.39
119,1000059,2026-08-03 19:21:00,email,fees,False,-0.34
120,1000060,2026-09-09 00:39:00,call,service,False,0.13
121,1000061,2026-04-24 00:38:00,chat,other,False,-0.21
122,1000061,2026-09-18 04:48:00,branch,fees,True,-0.22
123,1000061,2026-04-01 07:17:00,branch,close_account,False,-0.74
124,1000063,2026-05-06 11:14:00,branch,service,False,-0.17
125,1000063,2026-09-04 19:57:00,branch,other,False,0.11
126,1000063,2026-04-07 02:12:00,branch,other,False,-0.04
127,1000065,2026-09-27 21:03:00,chat,close_account,False,-0.35
128,1000065,2026-05-12 22:08:00,chat,rates,True,-0.87
129,1000065,2026-08-18 09:02:00,call,close_account,True,-0.7
130,1000065,2026-08-16 17:39:00,email,rates,True,-0.25
131,1000065,2026-05-10 08:55:00,call,rates,False,-0.33
132,1000066,2026-05-23 23:08:00,branch,other,False,0.63
133,1000066,2026-06-09 14:52:00,call,rates,False,0.2
134,1000066,2026-04-24 01:25:00,chat,fees,False,0.77
135,1000068,2026-09-11 16:08:00,branch,other,False,0.64
136,1000068,2026-07-07 14:45:00,chat,fees,False,0.82
137,1000068,2026-09-27 22:27:00,chat,service,False,0.74
138,1000069,2026-05-15 00:28:00,branch,service,False,0.35
139,1000070,2026-09-27 22:27:00,email,close_account,False,-0.72
140,1000070,2026-05-06 12:13:00,call,fees,True,-0.39
141,1000070,2026-09-09 20:03:00,call,service,True,-0.39
142,1000070,2026-07-20 17:04:00,call,close_account,False,-0.55
143,1000070,2026-09-26 07:21:00,chat,service,False,-0.41
144,1000070,2026-07-28 19:44:00,chat,fees,True,-0.71
145,1000070,2026-05-24 16:31:00,call,close_account,True,-0.99
146,1000071,2026-06-10 11:08:00,email,other,False,0.99
147,1000071,2026-05-17 18:48:00,call,service,False,0.58
148,1000072,2026-07-29 07:47:00,call,other,False,-0.14
149,1000073,2026-08-03 22:14:00,email,service,False,0.72
150,1000073,2026-09-09 21:06:00,chat,other,False,0.41
151,1000074,2026-07-17 18:34:00,call,fees,False,0.65
152,1000074,2026-08-10 17:46:00,branch,other,False,-0.12
153,1000075,2026-08-09 11:39:00,branch,service,False,0.92
154,1000076,2026-05-11 05:41:00,branch,service,False,0.1
155,1000076,2026-04-03 18:52:00,branch,service,False,0.29
156,1000076,2026-04-09 11:45:00,call,rates,False,0.93
157,1000077,2026-08-23 12:05:00,branch,other,False,0.76
158,1000077,2026-08-26 12:58:00,chat,other,False,0.86
159,1000077,2026-08-28 15:00:00,branch,other,False,0.91
160,1000078,2026-06-28 06:46:00,chat,rates,False,-0.58
161,1000078,2026-05-04 01:26:00,email,service,True,-0.42
162,1000078,2026-04-29 07:05:00,email,rates,False,-0.69
163,1000079,2026-04-07 10:06:00,call,rates,False,0.28
164,1000081,2026-06-07 20:43:00,branch,rates,False,0.74
165,1000081,2026-04-07 10:53:00,call,service,False,-0.24
166,1000081,2026-07-19 13:34:00,email,other,False,0.9
167,1000083,2026-04-09 06:34:00,chat,other,False,0.12
168,1000084,2026-08-22 12:33:00,chat,rates,True,-0.84
169,1000084,2026-09-08 04:02:00,branch,fees,False,-0.54
170,1000084,2026-05-07 00:52:00,chat,rates,False,-0.3
171,1000084,2026-09-24 23:47:00,call,fees,False,-0.39
172,1000084,2026-06-05 19:31:00,call,service,True,-0.84
173,1000084,2026-05-28 20:42:00,call,fees,False,-0.77
174,1000086,2026-04-12 08:23:00,branch,service,False,0.99
175,1000086,2026-05-10 06:12:00,branch,service,False,-0.19
176,1000087,2026-05-13 17:07:00,email,fees,False,0.95
177,1000087,2026-08-19 19:34:00,call,rates,False,0.67
178,1000087,2026-04-08 00:51:00,branch,service,False,0.35
179,1000089,2026-06-09 00:49:00,call,fees,False,0.14
180,1000089,2026-08-13 20:06:00,branch,other,False,-0.2
181,1000089,2026-06-20 17:16:00,call,service,False,0.95
182,1000090,2026-04-21 18:53:00,chat,service,True,-0.29
183,1000090,2026-08-17 17:49:00,chat,close_account,True,-0.55
184,1000090,2026-07-05 21:55:00,branch,service,True,-0.66
185,1000090,2026-08-11 00:11:00,email,service,True,-0.23
186,1000090,2026-09-06 03:09:00,call,fees,False,-0.89
187,1000090,2026-07-11 20:30:00,chat,rates,True,-0.64
188,1000091,2026-04-21 07:17:00,branch,other,False,-0.05
189,1000092,2026-04-06 14:14:00,branch,other,False,0.05
190,1000092,2026-08-22 12:59:00,call,service,False,0.68
191,1000093,2026-08-14 10:59:00,call,close_account,True,-0.74
192,1000093,2026-09-21 15:31:00,branch,fees,True,-0.48
193,1000093,2026-07-29 20:49:00,chat,rates,False,-0.37
194,1000093,2026-09-01 11:53:00,call,rates,False,-0.83
195,1000093,2026-08-12 00:20:00,chat,fees,True,-0.96
196,1000093,2026-09-04 17:04:00,call,fees,False,-0.32
197,1000093,2026-08-18 18:09:00,chat,close_account,False,-0.72
198,1000093,2026-05-25 19:34:00,call,fees,True,-0.68
199,1000095,2026-08-15 11:10:00,chat,service,False,-0.23
200,1000097,2026-05-22 06:00:00,chat,other,False,0.99
201,1000097,2026-04-11 07:13:00,call,other,False,-0.21
202,1000098,2026-07-19 05:08:00,branch,other,False,0.91
203,1000098,2026-04-16 03:46:00,call,fees,False,0.96
204,1000099,2026-05-25 23:13:00,branch,other,False,0.53
205,1000099,2026-08-28 14:47:00,branch,other,False,0.93
206,1000101,2026-09-18 21:11:00,call,rates,False,0.16
207,1000102,2026-09-02 05:05:00,chat,other,False,0.09
208,1000102,2026-05-24 10:28:00,chat,service,False,-0.28
209,1000104,2026-06-29 10:22:00,call,service,True,-0.88
210,1000104,2026-05-14 20:39:00,chat,close_account,False,-0.81
211,1000104,2026-04-19 02:49:00,call,close_account,True,-0.93
212,1000104,2026-08-06 20:25:00,chat,other,False,-0.76
213,1000104,2026-09-14 01:06:00,branch,service,True,-0.73
214,1000104,2026-08-04 01:19:00,email,fees,False,-0.93
215,1000104,2026-04-03 06:27:00,chat,rates,False,-0.44
216,1000105,2026-06-10 05:05:00,email,rates,False,-0.93
217,1000105,2026-07-18 19:14:00,call,service,True,-0.66
218,1000105,2026-04-05 17:54:00,branch,rates,True,-0.52
219,1000105,2026-06-11 23:56:00,chat,rates,True,-0.54
220,1000105,2026-05-24 01:38:00,chat,service,False,-0.94
221,1000105,2026-07-06 21:56:00,email,fees,True,-0.54
222,1000105,2026-07-19 18:31:00,email,fees,False,-0.25
223,1000107,2026-06-23 21:40:00,chat,other,False,0.94
224,1000107,2026-07-25 20:47:00,call,service,False,0.24
225,1000108,2026-06-29 11:35:00,chat,service,False,-0.06
226,1000108,2026-05-31 21:38:00,email,service,False,0.32
227,1000108,2026-09-11 04:41:00,chat,other,False,0.12
228,1000110,2026-07-08 12:47:00,email,fees,False,0.86
229,1000110,2026-04-13 13:07:00,email,service,False,0.94
230,1000110,2026-05-23 15:55:00,email,other,False,0.75
231,1000111,2026-09-01 06:06:00,chat,rates,False,0.13
232,1000111,2026-07-26 13:58:00,branch,rates,False,0.17
233,1000112,2026-05-18 08:47:00,chat,other,False,0.3
234,1000113,2026-04-01 11:15:00,chat,fees,False,0.82
235,1000113,2026-05-19 16:10:00,call,fees,False,0.84
236,1000113,2026-09-06 23:32:00,branch,rates,False,0.49
237,1000114,2026-07-24 23:47:00,branch,service,False,0.87
238,1000115,2026-06-07 08:50:00,chat,other,False,0.96
239,1000116,2026-04-06 19:07:00,chat,service,False,0.54
240,1000116,2026-05-07 23:00:00,email,other,False,0.21
241,1000118,2026-04-18 10:15:00,call,fees,False,-0.47
242,1000118,2026-08-08 04:50:00,chat,close_account,True,-0.56
243,1000118,2026-06-30 11:59:00,chat,service,False,-0.38
244,1000118,2026-05-10 05:18:00,chat,close_account,True,-0.68
245,1000120,2026-05-01 19:05:00,call,service,False,0.64
246,1000121,2026-04-14 07:48:00,call,fees,False,-0.17
247,1000121,2026-09-07 05:50:00,chat,fees,False,-0.02
248,1000124,2026-06-19 15:19:00,email,fees,False,0.95
249,1000125,2026-06-11 05:50:00,branch,service,False,-0.03
250,1000125,2026-04-04 20:55:00,chat,service,False,0.52
251,1000126,2026-06-25 02:46:00,branch,service,False,0.09
252,1000126,2026-09-12 15:11:00,email,service,False,0.59
253,1000127,2026-09-10 07:25:00,call,fees,False,0.21
254,1000127,2026-04-06 20:42:00,email,fees,False,-0.24
255,1000127,2026-04-12 03:55:00,call,service,False,0.76
256,1000129,2026-07-27 16:28:00,chat,other,False,0.69
257,1000131,2026-05-08 05:26:00,chat,service,False,-0.32
258,1000131,2026-07-30 11:09:00,email,fees,True,-0.69
259,1000131,2026-08-05 01:04:00,chat,fees,True,-0.98
260,1000131,2026-07-17 15:31:00,call,close_account,False,-0.4
261,1000131,2026-04-01 08:18:00,chat,service,True,-0.26
262,1000131,2026-05-11 23:33:00,email,fees,False,-0.92
263,1000131,2026-07-28 23:24:00,branch,rates,True,-0.62
264,1000133,2026-05-19 07:49:00,branch,service,False,-0.15
265,1000134,2026-06-03 14:53:00,email,fees,False,0.62
266,1000135,2026-08-17 16:52:00,chat,other,False,0.76
267,1000135,2026-09-12 21:15:00,call,rates,False,0.44
268,1000135,2026-08-18 08:13:00,chat,fees,False,-0.28
269,1000136,2026-05-26 13:11:00,chat,service,False,-0.25
270,1000136,2026-08-13 00:54:00,email,other,False,0.35
271,1000137,2026-08-12 04:14:00,chat,fees,False,0.38
272,1000138,2026-07-22 03:38:00,email,close_account,False,-0.9
273,1000138,2026-04-11 20:19:00,email,fees,True,-0.22
274,1000138,2026-06-22 15:17:00,branch,service,True,-0.45
275,1000138,2026-06-26 10:30:00,email,close_account,True,-0.57
276,1000138,2026-05-01 03:38:00,email,close_account,True,-0.84
277,1000138,2026-04-14 13:35:00,branch,fees,True,-0.97
278,1000139,2026-05-19 14:16:00,email,fees,False,0.15
279,1000139,2026-04-15 02:55:00,chat,rates,False,0.05
280,1000141,2026-08-18 21:38:00,branch,rates,False,0.77
281,1000141,2026-04-15 22:15:00,email,rates,False,0.65
282,1000142,2026-04-01 07:48:00,call,fees,False,0.24
283,1000142,2026-08-29 15:23:00,email,other,False,0.06
284,1000143,2026-09-20 03:20:00,branch,fees,False,0.7
285,1000143,2026-08-26 18:10:00,call,service,False,0.63
286,1000143,2026-09-04 14:14:00,email,service,False,-0.14
287,1000144,2026-04-14 21:03:00,chat,fees,False,0.63
288,1000144,2026-04-01 13:09:00,email,service,False,0.1
289,1000144,2026-09-01 00:21:00,chat,service,False,0.62
290,1000145,2026-09-21 23:41:00,chat,other,False,0.77
291,1000145,2026-07-01 01:29:00,call,other,False,0.98
292,1000145,2026-04-15 02:14:00,call,other,False,0.79
293,1000146,2026-08-23 20:04:00,branch,other,False,0.7
294,1000147,2026-06-08 18:55:00,chat,other,False,-0.14
295,1000147,2026-07-25 19:30:00,branch,service,False,0.67
296,1000147,2026-06-19 17:22:00,chat,service,False,-0.26
297,1000148,2026-05-01 07:18:00,chat,fees,False,0.24
298,1000149,2026-04-21 22:29:00,call,fees,False,0.42
299,1000151,2026-04-10 10:15:00,branch,other,False,-0.2
300,1000151,2026-05-23 20:25:00,call,service,False,-0.02
301,1000152,2026-05-19 03:17:00,call,other,False,0.75
302,1000154,2026-06-10 15:44:00,email,fees,False,0.92
303,1000154,2026-09-14 05:08:00,chat,other,False,0.62
304,1000155,2026-08-08 12:43:00,chat,rates,False,0.56
305,1000156,2026-04-04 16:27:00,chat,service,False,0.46
306,1000156,2026-05-08 17:28:00,email,other,False,0.42
307,1000158,2026-08-11 19:46:00,email,service,False,0.56
308,1000160,2026-04-22 15:33:00,call,service,False,0.65
309,1000161,2026-05-20 23:34:00,chat,service,False,0.84
310,1000161,2026-05-27 07:26:00,branch,rates,False,0.87
311,1000161,2026-06-06 05:24:00,email,other,False,-0.18
312,1000162,2026-06-18 13:26:00,branch,rates,False,0.99
313,1000162,2026-08-24 20:39:00,chat,other,False,0.28
314,1000163,2026-07-23 23:25:00,call,rates,False,-0.43
315,1000163,2026-06-30 01:51:00,branch,close_account,False,-0.57
316,1000163,2026-05-04 02:18:00,branch,service,True,-0.56
317,1000163,2026-08-16 16:29:00,branch,close_account,True,-0.27
318,1000163,2026-05-15 13:38:00,chat,close_account,True,-0.26
319,1000163,2026-08-28 19:24:00,chat,fees,True,-0.84
320,1000163,2026-05-13 13:07:00,chat,service,True,-0.71
321,1000163,2026-04-12 19:19:00,email,fees,True,-0.45
322,1000165,2026-04-21 03:21:00,email,other,False,0.75
323,1000165,2026-08-23 18:21:00,call,service,False,0.0
324,1000165,2026-06-13 12:47:00,email,fees,False,0.59
325,1000166,2026-08-03 05:50:00,call,service,False,-0.19
326,1000166,2026-05-09 04:34:00,chat,close_account,False,0.17
327,1000166,2026-05-22 17:54:00,chat,other,False,0.23
328,1000168,2026-08-03 10:38:00,email,close_account,True,-0.28
329,1000168,2026-07-17 17:35:00,call,fees,False,-0.85
330,1000168,2026-07-20 12:24:00,call,fees,True,-0.37
331,1000168,2026-06-17 09:11:00,email,rates,True,-0.48
332,1000168,2026-06-20 01:37:00,branch,close_account,True,-0.56
333,1000168,2026-05-15 15:16:00,email,service,False,-0.52
334,1000168,2026-07-20 14:19:00,chat,fees,False,-0.86
335,1000168,2026-04-25 14:59:00,chat,close_account,True,-0.54
336,1000169,2026-06-02 03:35:00,call,fees,False,-0.24
337,1000169,2026-07-13 18:06:00,branch,close_account,True,-0.52
338,1000169,2026-05-03 21:02:00,chat,rates,True,-0.42
339,1000169,2026-08-14 17:28:00,email,fees,True,-0.5
340,1000169,2026-08-07 12:03:00,chat,fees,False,-0.93
341,1000169,2026-07-08 00:47:00,branch,other,False,-0.32
342,1000170,2026-06-29 13:47:00,branch,other,False,0.21
343,1000170,2026-04-29 05:59:00,call,fees,False,0.17
344,1000170,2026-06-23 00:31:00,branch,rates,False,0.57
345,1000172,2026-04-11 01:09:00,email,rates,False,0.59
346,1000172,2026-07-29 09:40:00,email,fees,False,-0.15
347,1000174,2026-07-05 03:17:00,chat,fees,False,0.18
348,1000175,2026-04-24 08:54:00,email,service,False,-0.13
349,1000176,2026-04-13 11:14:00,branch,service,False,-0.2
350,1000177,2026-09-20 22:50:00,call,other,False,-0.05
351,1000178,2026-04-13 04:52:00,call,other,False,0.92
352,1000178,2026-05-16 20:37:00,email,other,False,0.12
353,1000178,2026-09-12 07:36:00,call,other,False,-0.22
354,1000179,2026-07-02 07:50:00,chat,service,False,0.67
355,1000179,2026-07-31 05:17:00,branch,other,False,0.8
356,1000179,2026-04-07 13:40:00,call,other,False,0.98
357,1000180,2026-09-25 03:26:00,call,other,False,0.39
358,1000181,2026-04-04 17:10:00,chat,fees,False,-0.35
359,1000181,2026-04-21 09:50:00,call,service,True,-0.72
360,1000181,2026-09-01 21:25:00,chat,rates,False,-0.73
361,1000181,2026-06-22 02:56:00,chat,fees,True,-0.72
362,1000181,2026-07-21 17:00:00,call,rates,True,-0.52
363,1000183,2026-05-25 09:43:00,call,fees,False,0.89
364,1000183,2026-07-12 20:49:00,email,service,False,-0.12
365,1000184,2026-09-22 23:28:00,branch,service,False,0.36
366,1000185,2026-08-12 06:09:00,call,other,False,0.99
367,1000185,2026-07-18 18:52:00,call,rates,False,0.96
368,1000185,2026-05-26 08:13:00,branch,fees,False,0.42
369,1000186,2026-09-18 15:41:00,branch,other,False,-0.29
370,1000186,2026-08-07 10:59:00,chat,other,False,0.09
371,1000187,2026-07-01 19:28:00,branch,other,False,0.57
372,1000187,2026-07-21 10:27:00,call,service,False,-0.19
373,1000188,2026-07-31 17:12:00,branch,other,False,0.6
374,1000188,2026-08-13 14:46:00,call,rates,False,0.19
375,1000189,2026-04-28 07:07:00,email,fees,True,-0.24
376,1000189,2026-09-03 01:21:00,email,other,True,-0.7
377,1000189,2026-05-15 03:14:00,call,fees,True,-0.95
378,1000189,2026-09-03 06:05:00,chat,rates,True,-0.88
379,1000189,2026-06-29 10:49:00,branch,service,True,-0.38
380,1000189,2026-08-11 19:24:00,branch,other,False,-0.62
381,1000189,2026-05-24 13:14:00,chat,fees,False,-0.35
382,1000190,2026-06-14 23:44:00,branch,service,False,-0.0
383,1000190,2026-05-02 05:03:00,email,other,False,0.72
384,1000190,2026-07-22 23:54:00,email,fees,False,-0.04
385,1000191,2026-04-07 15:03:00,call,other,False,0.79
386,1000194,2026-05-30 01:14:00,email,fees,False,0.84
387,1000194,2026-05-11 07:57:00,branch,rates,False,0.74
388,1000194,2026-04-21 09:39:00,chat,other,False,-0.23
389,1000196,2026-08-24 00:55:00,email,fees,True,-0.64
390,1000196,2026-06-10 07:59:00,email,rates,True,-0.29
391,1000196,2026-05-12 07:50:00,email,service,True,-0.39
392,1000196,2026-08-19 07:31:00,chat,fees,True,-0.44
393,1000196,2026-05-27 15:09:00,chat,rates,True,-0.65
394,1000196,2026-08-18 17:52:00,chat,rates,True,-0.7
395,1000196,2026-06-15 06:13:00,call,fees,False,-0.48
396,1000197,2026-08-13 20:16:00,email,fees,False,0.11
397,1000198,2026-08-10 22:07:00,chat,fees,False,-0.27
398,1000198,2026-05-03 08:01:00,chat,fees,True,-0.59
399,1000198,2026-08-13 02:43:00,chat,service,True,-0.25
400,1000198,2026-05-14 07:30:00,email,close_account,True,-0.83
401,1000199,2026-04-08 04:38:00,email,service,False,0.08
402,1000199,2026-06-05 09:56:00,branch,service,False,-0.25
403,1000200,2026-08-14 23:49:00,call,rates,False,0.89
404,1000200,2026-04-24 11:52:00,chat,rates,False,0.81
405,1000200,2026-08-09 17:55:00,call,rates,False,0.92
406,1000202,2026-05-03 11:57:00,branch,fees,False,0.22
407,1000202,2026-05-24 20:47:00,chat,close_account,False,0.32
408,1000202,2026-05-06 07:42:00,chat,rates,False,0.26
409,1000203,2026-09-20 10:11:00,chat,service,False,0.37
410,1000204,2026-08-12 01:45:00,chat,service,False,0.11
411,1000204,2026-08-25 04:27:00,call,other,False,-0.29
412,1000204,2026-04-07 15:09:00,call,other,False,-0.04
413,1000205,2026-08-22 00:23:00,email,rates,False,-0.4
414,1000205,2026-04-22 09:21:00,call,service,False,-0.28
415,1000205,2026-08-17 00:25:00,branch,close_account,True,-0.79
416,1000205,2026-06-17 15:58:00,chat,rates,False,-0.31
417,1000205,2026-08-27 01:38:00,branch,service,False,-0.64
418,1000205,2026-05-29 18:59:00,call,close_account,True,-0.75
419,1000205,2026-04-03 06:18:00,branch,rates,False,-0.34
420,1000206,2026-04-27 12:06:00,branch,close_account,True,-0.88
421,1000206,2026-06-09 21:58:00,chat,close_account,False,-0.75
422,1000206,2026-05-31 18:29:00,branch,close_account,False,-0.26
423,1000206,2026-05-15 02:05:00,email,close_account,True,-0.55
424,1000206,2026-04-17 14:50:00,branch,close_account,True,-0.75
425,1000206,2026-04-03 18:17:00,branch,rates,True,-0.22
426,1000207,2026-04-19 04:16:00,call,rates,False,0.17
427,1000207,2026-07-10 01:18:00,email,rates,False,0.9
428,1000209,2026-05-11 22:54:00,email,other,False,0.58
429,1000209,2026-07-29 22:15:00,email,other,False,0.22
430,1000209,2026-08-16 19:36:00,email,service,False,0.78
431,1000210,2026-08-26 13:10:00,chat,rates,False,0.56
432,1000210,2026-08-12 22:56:00,email,other,False,0.57
433,1000212,2026-08-21 10:35:00,chat,service,False,0.03
434,1000212,2026-09-05 12:45:00,call,other,False,0.07
435,1000213,2026-07-11 19:00:00,email,service,True,-0.6
436,1000213,2026-07-23 04:52:00,chat,rates,False,-0.21
437,1000213,2026-05-02 07:31:00,branch,other,False,-0.84
438,1000213,2026-07-08 08:17:00,branch,fees,False,-0.38
439,1000213,2026-04-24 07:10:00,email,fees,False,-0.31
440,1000214,2026-05-09 02:57:00,chat,service,False,0.27
441,1000214,2026-04-09 13:14:00,chat,other,False,0.26
442,1000215,2026-09-03 04:45:00,branch,service,False,0.64
443,1000215,2026-05-23 06:22:00,chat,service,False,-0.06
444,1000215,2026-09-19 18:55:00,branch,fees,False,0.53
445,1000216,2026-08-03 08:15:00,chat,rates,False,-0.3
446,1000216,2026-06-04 11:22:00,call,other,False,-0.28
447,1000217,2026-06-02 13:53:00,email,close_account,False,-0.16
448,1000218,2026-07-06 09:24:00,branch,fees,False,-0.07
449,1000219,2026-07-28 19:33:00,call,fees,False,-0.06
450,1000219,2026-05-12 05:10:00,branch,fees,False,-0.07
451,1000219,2026-07-28 10:56:00,branch,fees,False,-0.21
452,1000220,2026-04-01 06:52:00,email,service,False,-0.23
453,1000220,2026-09-12 19:58:00,call,fees,False,0.38
454,1000222,2026-04-26 23:12:00,call,service,False,0.7
455,1000222,2026-06-14 10:53:00,branch,fees,False,0.19
456,1000222,2026-05-09 00:40:00,chat,other,False,-0.05
457,1000223,2026-04-28 16:45:00,chat,fees,False,0.3
458,1000223,2026-06-10 23:46:00,call,other,False,-0.04
459,1000223,2026-07-08 10:23:00,chat,fees,False,0.58
460,1000226,2026-04-21 08:19:00,email,other,False,0.55
461,1000226,2026-09-09 06:11:00,branch,other,False,0.5
462,1000227,2026-07-27 10:31:00,chat,rates,False,0.99
463,1000227,2026-07-15 13:39:00,chat,other,False,-0.2
464,1000228,2026-09-07 22:13:00,call,fees,False,0.21
465,1000228,2026-09-03 05:13:00,email,fees,False,0.76
466,1000230,2026-09-24 14:50:00,call,other,False,0.55
467,1000231,2026-06-12 13:47:00,chat,fees,False,0.98
468,1000235,2026-05-24 16:42:00,chat,rates,False,0.16
469,1000236,2026-05-05 16:04:00,call,service,False,-0.34
470,1000236,2026-07-12 03:22:00,email,close_account,False,-0.22
471,1000236,2026-04-16 08:08:00,email,service,True,-0.31
472,1000236,2026-09-25 02:27:00,chat,fees,True,-0.64
473,1000236,2026-04-02 04:35:00,call,fees,False,-0.97
474,1000236,2026-04-02 23:14:00,email,fees,True,-0.92
475,1000237,2026-07-16 23:53:00,branch,service,False,0.93
476,1000237,2026-06-20 06:18:00,call,service,False,0.13
477,1000238,2026-07-30 06:51:00,email,other,False,0.23
478,1000238,2026-09-07 18:17:00,branch,fees,False,0.47
479,1000239,2026-09-20 07:17:00,branch,service,True,-0.31
480,1000239,2026-08-19 14:30:00,branch,service,False,-0.67
481,1000239,2026-05-09 00:01:00,branch,close_account,False,-0.21
482,1000240,2026-07-10 06:10:00,branch,other,False,-0.18
483,1000242,2026-09-28 07:04:00,call,service,False,-0.09
484,1000242,2026-08-17 00:18:00,email,service,False,0.31
485,1000242,2026-09-27 12:48:00,chat,other,False,0.93
486,1000244,2026-06-22 11:03:00,branch,service,False,0.28
487,1000245,2026-07-21 03:44:00,chat,fees,False,0.1
488,1000245,2026-09-01 22:43:00,branch,rates,False,0.84
489,1000246,2026-07-31 10:32:00,chat,fees,False,0.63
490,1000247,2026-04-18 10:35:00,branch,other,False,-0.93
491,1000247,2026-05-28 08:56:00,chat,rates,False,-0.39
492,1000247,2026-09-03 22:48:00,email,fees,False,-0.51
493,1000247,2026-04-20 02:24:00,chat,close_account,True,-0.82
494,1000247,2026-05-26 22:48:00,email,rates,True,-0.63
495,1000247,2026-08-02 14:12:00,branch,service,False,-0.28
496,1000247,2026-06-19 15:34:00,branch,close_account,True,-0.57
497,1000248,2026-04-27 10:51:00,call,other,True,-0.55
498,1000248,2026-09-18 22:09:00,branch,fees,True,-0.84
499,1000248,2026-08-29 07:22:00,chat,close_account,False,-0.71
500,1000248,2026-05-22 13:13:00,branch,service,False,-0.6
501,1000248,2026-07-22 20:38:00,branch,close_account,True,-0.94
502,1000249,2026-04-30 23:36:00,call,rates,False,0.57
503,1000249,2026-05-30 21:40:00,email,rates,False,0.27
504,1000249,2026-06-28 02:35:00,call,service,False,0.35
505,1000250,2026-08-02 02:32:00,call,service,False,0.05
506,1000251,2026-04-01 23:21:00,branch,service,False,0.09
507,1000252,2026-04-23 13:54:00,chat,service,False,-0.24
508,1000252,2026-05-17 04:57:00,email,fees,False,0.76
509,1000252,2026-06-30 19:18:00,call,other,False,-0.19
510,1000253,2026-05-06 22:04:00,email,rates,False,0.99
511,1000254,2026-08-11 13:01:00,call,fees,False,0.79
512,1000254,2026-09-11 23:31:00,branch,service,False,-0.14
513,1000254,2026-05-23 18:00:00,branch,fees,False,0.61
514,1000255,2026-09-11 11:56:00,call,other,False,0.39
515,1000255,2026-06-01 23:26:00,call,other,False,0.49
516,1000255,2026-06-21 05:12:00,call,service,False,0.27
517,1000256,2026-04-05 05:41:00,email,service,False,0.16
518,1000256,2026-08-26 04:36:00,branch,service,False,0.82
519,1000256,2026-09-01 23:21:00,call,fees,False,-0.28
520,1000258,2026-09-21 01:56:00,chat,rates,False,-0.2
521,1000260,2026-09-19 05:50:00,email,other,False,0.84
522,1000262,2026-07-10 00:25:00,call,other,False,-0.1
523,1000263,2026-09-02 00:36:00,branch,fees,False,0.6
524,1000263,2026-07-30 15:51:00,branch,other,False,-0.1
525,1000263,2026-04-09 17:40:00,chat,fees,False,0.71
526,1000264,2026-09-09 04:13:00,chat,rates,False,0.62
527,1000264,2026-08-05 07:14:00,branch,service,False,0.6
528,1000264,2026-07-11 05:22:00,branch,rates,False,0.7
529,1000265,2026-08-18 06:11:00,email,other,False,0.76
530,1000265,2026-04-13 22:20:00,email,rates,False,0.33
531,1000265,2026-09-19 19:51:00,email,other,False,0.78
532,1000266,2026-09-18 08:50:00,chat,rates,False,0.29
533,1000266,2026-05-16 11:35:00,branch,other,False,0.14
534,1000266,2026-06-11 06:13:00,call,rates,False,0.64
535,1000267,2026-09-24 12:19:00,email,service,False,0.84
536,1000267,2026-06-15 05:56:00,call,other,False,0.08
537,1000268,2026-05-17 08:17:00,branch,service,False,-0.14
538,1000268,2026-06-24 03:46:00,call,service,False,0.9
539,1000268,2026-08-16 11:05:00,call,rates,False,0.68
540,1000269,2026-04-24 13:53:00,email,rates,False,0.12
541,1000271,2026-07-24 10:26:00,email,service,False,0.64
542,1000273,2026-06-19 21:31:00,call,service,False,-0.1
543,1000274,2026-04-23 14:00:00,chat,fees,False,0.61
544,1000275,2026-04-09 02:52:00,email,service,False,0.88
545,1000275,2026-07-18 03:04:00,branch,other,False,0.49
546,1000277,2026-04-03 20:25:00,chat,other,False,0.32
547,1000277,2026-05-03 08:01:00,email,other,False,0.02
548,1000278,2026-06-18 04:13:00,email,fees,False,-0.12
549,1000278,2026-08-13 15:07:00,branch,other,False,0.92
550,1000278,2026-04-19 06:48:00,chat,other,False,0.53
551,1000279,2026-07-03 02:32:00,call,other,False,0.43
552,1000279,2026-09-18 11:11:00,email,other,False,-0.13
553,1000279,2026-05-16 07:07:00,branch,service,False,-0.28
554,1000280,2026-07-04 12:38:00,branch,service,False,0.3
555,1000280,2026-07-30 17:46:00,email,fees,False,-0.17
556,1000281,2026-07-24 22:33:00,email,close_account,False,0.26
557,1000281,2026-06-04 12:40:00,branch,service,False,0.45
558,1000281,2026-06-03 00:44:00,chat,service,False,-0.11
559,1000282,2026-09-15 07:04:00,email,rates,False,0.39
560,1000283,2026-06-14 19:40:00,chat,fees,False,0.4
561,1000283,2026-09-25 02:21:00,chat,other,False,-0.11
562,1000283,2026-08-19 10:25:00,call,other,False,0.7
563,1000284,2026-04-17 02:31:00,email,fees,False,0.97
564,1000285,2026-08-28 16:51:00,branch,other,False,-0.66
565,1000285,2026-07-11 11:52:00,branch,fees,False,-0.99
566,1000285,2026-05-02 11:24:00,email,fees,True,-0.36
567,1000285,2026-08-08 02:24:00,chat,fees,False,-0.61
568,1000285,2026-07-24 11:47:00,call,close_account,False,-0.91
569,1000285,2026-07-30 16:20:00,call,service,True,-0.95
570,1000286,2026-05-21 04:55:00,email,service,False,0.98
571,1000286,2026-06-05 23:45:00,call,other,False,0.55
572,1000287,2026-04-05 12:39:00,email,rates,False,0.39
573,1000287,2026-07-15 16:28:00,email,other,False,0.56
574,1000288,2026-04-17 12:19:00,branch,rates,False,-0.86
575,1000288,2026-09-22 15:49:00,chat,fees,False,-0.61
576,1000288,2026-07-26 15:30:00,chat,fees,False,-0.45
577,1000292,2026-09-16 21:17:00,call,service,False,0.72
578,1000292,2026-06-29 02:44:00,branch,service,False,0.46
579,1000293,2026-06-02 18:46:00,branch,service,False,0.88
580,1000293,2026-06-04 00:43:00,email,other,False,0.47
581,1000293,2026-04-21 04:03:00,call,other,False,-0.19
582,1000295,2026-08-15 20:05:00,chat,other,False,0.33
583,1000295,2026-05-13 11:59:00,branch,fees,False,0.66
584,1000296,2026-07-02 18:29:00,branch,other,False,0.63
585,1000297,2026-06-05 03:25:00,chat,other,False,0.8
586,1000297,2026-04-08 06:29:00,chat,fees,False,0.31
587,1000298,2026-09-01 09:53:00,call,rates,True,-0.39
588,1000298,2026-07-23 03:43:00,chat,close_account,True,-0.95
589,1000298,2026-07-13 09:55:00,branch,close_account,True,-0.31
590,1000298,2026-08-02 00:43:00,call,fees,False,-0.79
591,1000299,2026-08-03 07:19:00,email,fees,False,-0.29
592,1000299,2026-05-17 13:37:00,call,service,False,-0.39
593,1000299,2026-07-04 03:52:00,email,rates,True,-0.43
594,1000299,2026-07-12 13:23:00,branch,fees,False,-0.67
595,1000299,2026-07-06 23:46:00,call,close_account,True,-0.53
596,1000299,2026-08-05 06:47:00,email,fees,True,-0.77
597,1000299,2026-06-26 23:39:00,email,fees,True,-0.56
598,1000302,2026-04-01 12:24:00,chat,fees,False,0.67
599,1000303,2026-08-04 01:06:00,chat,other,False,-0.06
600,1000303,2026-08-08 16:02:00,chat,service,False,0.24
601,1000303,2026-06-14 23:09:00,branch,other,False,0.78
602,1000304,2026-08-29 08:31:00,email,rates,True,-0.51
603,1000304,2026-06-28 14:36:00,chat,rates,True,-0.71
604,1000304,2026-05-05 15:59:00,branch,fees,True,-0.94
605,1000304,2026-06-19 17:07:00,email,fees,True,-0.51
606,1000304,2026-08-09 06:54:00,chat,rates,False,-0.27
607,1000304,2026-04-05 15:53:00,chat,fees,True,-0.48
608,1000304,2026-08-22 00:14:00,branch,close_account,True,-0.27
609,1000304,2026-05-22 11:42:00,email,service,False,-0.74
610,1000305,2026-06-28 17:31:00,chat,other,False,0.9
611,1000306,2026-05-18 19:26:00,email,rates,False,0.08
612,1000307,2026-04-20 18:03:00,branch,other,False,0.5
613,1000308,2026-08-20 21:01:00,branch,other,False,0.15
614,1000308,2026-06-19 17:31:00,email,rates,False,0.52
615,1000309,2026-05-15 20:46:00,branch,other,False,0.41
616,1000309,2026-06-19 10:13:00,chat,service,False,0.91
617,1000310,2026-04-20 10:36:00,call,other,False,0.91
618,1000310,2026-04-09 04:56:00,email,service,False,0.51
619,1000310,2026-04-24 22:05:00,email,other,False,0.77
620,1000312,2026-07-06 10:47:00,branch,other,False,0.53
621,1000312,2026-08-28 06:39:00,email,other,False,-0.24
622,1000313,2026-06-04 01:58:00,branch,other,False,0.88
623,1000314,2026-07-03 04:25:00,call,fees,False,0.32
624,1000314,2026-06-23 06:24:00,call,other,False,0.92
625,1000314,2026-09-22 05:57:00,branch,rates,False,0.07
626,1000315,2026-05-27 05:12:00,call,other,False,0.44
627,1000315,2026-09-05 21:06:00,branch,rates,False,0.57
628,1000315,2026-07-23 13:08:00,chat,other,False,0.36
629,1000316,2026-08-13 07:23:00,email,other,False,-0.23
630,1000316,2026-08-07 17:16:00,email,other,False,-0.24
631,1000317,2026-04-16 01:14:00,branch,fees,False,0.86
632,1000317,2026-05-19 20:39:00,call,service,False,0.41
633,1000317,2026-08-29 07:34:00,branch,fees,False,-0.07
634,1000318,2026-07-23 05:14:00,branch,fees,False,0.41
635,1000320,2026-07-17 15:41:00,branch,rates,False,0.38
636,1000320,2026-06-29 02:15:00,chat,service,False,0.91
637,1000321,2026-06-11 04:15:00,chat,service,False,0.75
638,1000322,2026-06-06 02:42:00,branch,fees,True,-0.71
639,1000322,2026-08-31 23:20:00,branch,other,False,-0.94
640,1000322,2026-04-06 19:35:00,email,close_account,True,-0.5
641,1000323,2026-09-14 09:42:00,chat,fees,False,-0.01
642,1000323,2026-05-18 12:22:00,chat,service,False,0.22
643,1000323,2026-06-02 23:15:00,email,service,False,0.63
644,1000324,2026-09-21 18:27:00,chat,other,False,0.03
645,1000324,2026-07-31 09:39:00,branch,rates,False,-0.19
646,1000324,2026-04-01 10:51:00,email,service,False,-0.17
647,1000327,2026-05-19 10:19:00,chat,service,False,0.13
648,1000327,2026-08-18 04:54:00,call,fees,False,0.22
649,1000327,2026-09-16 07:43:00,chat,other,False,0.13
650,1000329,2026-07-27 16:53:00,call,rates,False,0.78
651,1000330,2026-04-16 21:25:00,email,other,False,0.04
652,1000331,2026-06-06 02:12:00,chat,rates,False,-0.14
653,1000332,2026-07-19 22:13:00,branch,fees,False,0.11
654,1000332,2026-05-23 19:01:00,branch,other,False,0.19
655,1000333,2026-09-21 14:25:00,email,other,False,0.78
656,1000333,2026-07-02 23:08:00,chat,other,False,0.85
657,1000333,2026-08-17 15:26:00,email,fees,False,0.25
658,1000335,2026-08-06 00:46:00,chat,service,False,0.74
659,1000335,2026-08-01 23:29:00,branch,service,False,-0.03
660,1000335,2026-08-25 16:40:00,call,other,False,0.91
661,1000336,2026-09-27 01:05:00,email,service,False,-0.28
662,1000336,2026-05-30 15:08:00,chat,fees,False,0.2
663,1000336,2026-05-19 05:39:00,branch,other,False,0.42
664,1000338,2026-05-01 22:40:00,email,fees,False,0.69
665,1000338,2026-04-24 17:40:00,chat,other,False,0.52
666,1000338,2026-04-23 22:28:00,call,service,False,0.07
667,1000339,2026-07-15 07:41:00,call,service,False,-0.04
668,1000339,2026-04-23 23:37:00,branch,service,False,0.78
669,1000340,2026-09-05 19:26:00,chat,fees,False,0.54
670,1000340,2026-04-15 02:41:00,call,fees,False,0.59
671,1000341,2026-04-07 06:06:00,branch,rates,True,-0.38
672,1000341,2026-06-04 09:57:00,email,close_account,False,-0.64
673,1000341,2026-09-26 08:40:00,branch,fees,False,-0.36
674,1000341,2026-08-13 22:31:00,email,close_account,True,-0.26
675,1000341,2026-08-28 09:09:00,email,other,False,-0.21
676,1000341,2026-09-26 16:42:00,call,rates,True,-0.72
677,1000341,2026-04-06 08:08:00,branch,fees,False,-0.46
678,1000341,2026-09-04 19:01:00,call,fees,True,-0.22
679,1000343,2026-05-29 05:47:00,email,other,False,0.6
680,1000343,2026-06-17 16:31:00,email,service,False,0.73
681,1000345,2026-05-04 20:37:00,call,other,False,-0.14
682,1000345,2026-05-07 20:18:00,branch,other,False,-0.16
683,1000345,2026-04-17 01:59:00,chat,rates,False,0.81
684,1000346,2026-05-03 07:36:00,branch,fees,False,0.8
685,1000346,2026-06-07 09:38:00,call,service,False,0.79
686,1000347,2026-05-05 00:00:00,call,fees,False,0.51
687,1000348,2026-04-26 05:21:00,chat,other,False,0.66
688,1000350,2026-08-15 02:47:00,chat,rates,False,0.22
689,1000351,2026-06-06 18:39:00,chat,fees,False,-0.25
690,1000351,2026-05-08 05:23:00,call,fees,False,0.26
691,1000351,2026-09-07 20:37:00,branch,rates,False,0.51
692,1000352,2026-05-05 14:28:00,chat,rates,False,0.26
693,1000352,2026-06-11 13:19:00,chat,rates,False,0.47
694,1000353,2026-07-28 16:55:00,branch,service,False,-0.13
695,1000353,2026-06-10 11:02:00,call,fees,False,0.22
696,1000354,2026-07-12 10:13:00,email,fees,False,-0.12
697,1000354,2026-04-28 03:00:00,email,rates,False,0.63
698,1000356,2026-07-25 14:32:00,chat,service,False,-0.04
699,1000356,2026-05-06 04:07:00,call,service,False,0.09
700,1000356,2026-09-26 21:46:00,email,service,False,0.6
701,1000357,2026-06-08 21:06:00,call,rates,False,0.32
702,1000358,2026-04-19 15:19:00,call,service,False,0.87
703,1000358,2026-04-15 23:18:00,branch,rates,False,-0.14
704,1000359,2026-05-09 20:58:00,email,rates,False,0.72
705,1000360,2026-08-20 04:46:00,branch,rates,False,0.01
706,1000360,2026-09-07 07:02:00,email,fees,False,0.93
707,1000360,2026-08-06 16:02:00,email,other,False,0.79
708,1000361,2026-09-14 09:44:00,call,other,False,0.54
709,1000361,2026-05-12 10:14:00,branch,rates,False,-0.14
710,1000361,2026-05-05 21:43:00,email,other,False,-0.23
711,1000364,2026-05-08 23:27:00,chat,other,False,0.87
712,1000364,2026-05-21 00:11:00,chat,other,False,0.45
713,1000366,2026-09-24 07:57:00,call,rates,False,0.4
714,1000366,2026-08-04 23:36:00,chat,rates,False,-0.26
715,1000366,2026-07-13 15:07:00,chat,service,False,0.81
716,1000367,2026-09-23 10:43:00,call,service,False,0.3
717,1000367,2026-04-02 15:04:00,call,other,False,0.29
718,1000367,2026-08-30 21:24:00,branch,fees,False,0.01
719,1000369,2026-04-25 05:33:00,branch,rates,False,0.28
720,1000369,2026-05-15 10:16:00,chat,service,False,0.74
721,1000369,2026-08-09 23:35:00,chat,other,False,0.26
722,1000370,2026-09-28 08:23:00,email,service,False,0.15
723,1000372,2026-08-26 19:18:00,call,service,False,0.65
724,1000372,2026-05-04 00:53:00,chat,other,False,0.52
725,1000372,2026-07-28 14:19:00,branch,rates,False,0.73
726,1000373,2026-06-01 10:45:00,email,fees,False,0.33
727,1000374,2026-06-04 12:38:00,chat,service,False,0.39
728,1000374,2026-04-14 10:29:00,chat,other,False,0.27
729,1000374,2026-08-19 21:34:00,email,other,False,0.01
730,1000375,2026-07-05 17:21:00,email,other,False,0.62
731,1000377,2026-05-07 22:52:00,chat,service,False,-0.29
732,1000377,2026-04-17 18:16:00,branch,other,False,0.18
733,1000377,2026-06-01 20:32:00,email,other,False,0.58
734,1000379,2026-06-17 03:43:00,email,service,False,-0.21
735,1000379,2026-05-07 10:45:00,call,close_account,True,-0.32
736,1000379,2026-05-13 05:48:00,email,fees,False,-0.65
737,1000379,2026-09-21 08:09:00,call,rates,False,-0.37
738,1000379,2026-09-23 15:27:00,email,other,False,-0.86
739,1000379,2026-09-19 00:00:00,email,service,True,-0.23
740,1000379,2026-04-14 20:19:00,call,close_account,True,-0.28
741,1000379,2026-08-02 11:55:00,email,rates,True,-0.24
742,1000380,2026-08-06 09:13:00,chat,fees,True,-0.78
743,1000380,2026-07-29 16:30:00,branch,fees,True,-0.92
744,1000380,2026-06-05 18:19:00,chat,rates,False,-0.76
745,1000380,2026-06-13 07:51:00,branch,fees,True,-0.32
746,1000380,2026-05-06 01:18:00,email,close_account,False,-0.32
747,1000380,2026-07-20 09:17:00,call,service,False,-0.44
748,1000380,2026-04-26 14:41:00,branch,fees,True,-0.37
749,1000381,2026-09-01 06:22:00,branch,rates,False,0.58
750,1000381,2026-08-20 19:23:00,email,other,False,0.91
751,1000381,2026-06-13 07:34:00,chat,other,False,0.61
752,1000382,2026-07-12 19:38:00,email,service,False,-0.1
753,1000382,2026-05-05 19:46:00,chat,rates,False,-0.15
754,1000382,2026-07-21 10:22:00,email,rates,False,0.52
755,1000383,2026-06-20 07:38:00,email,other,False,0.81
756,1000383,2026-09-04 06:31:00,email,fees,False,0.28
757,1000383,2026-04-23 08:45:00,branch,service,False,0.68
758,1000386,2026-06-21 16:03:00,chat,service,True,-0.65
759,1000386,2026-07-06 14:44:00,call,fees,True,-0.75
760,1000386,2026-08-26 01:17:00,email,other,False,-0.87
761,1000386,2026-04-06 16:35:00,call,close_account,True,-0.36
762,1000387,2026-08-31 15:28:00,email,other,True,-0.66
763,1000387,2026-07-10 00:33:00,email,rates,False,-0.88
764,1000387,2026-06-17 12:43:00,email,rates,False,-0.9
765,1000387,2026-09-08 19:11:00,email,close_account,True,-0.6
766,1000387,2026-06-17 04:20:00,email,service,False,-0.32
767,1000387,2026-04-28 01:03:00,email,fees,True,-0.29
768,1000387,2026-05-30 12:03:00,branch,fees,False,-0.33
769,1000388,2026-08-18 23:46:00,chat,service,False,-0.04
770,1000390,2026-08-13 17:35:00,email,rates,False,0.71
771,1000390,2026-05-28 00:56:00,call,service,False,-0.1
772,1000391,2026-07-15 10:37:00,branch,fees,False,0.21
773,1000393,2026-06-09 14:06:00,chat,rates,False,0.05
774,1000393,2026-05-21 19:27:00,email,service,False,0.23
775,1000393,2026-08-13 09:22:00,branch,other,False,0.5
776,1000394,2026-05-22 14:14:00,chat,other,True,-0.61
777,1000394,2026-04-23 13:10:00,call,close_account,False,-0.75
778,1000394,2026-08-05 03:16:00,chat,fees,True,-0.86
779,1000394,2026-05-16 05:33:00,email,fees,True,-0.91
780,1000394,2026-06-30 14:05:00,email,service,False,-0.47
781,1000395,2026-09-23 02:19:00,email,rates,False,0.83
782,1000395,2026-06-20 18:34:00,email,fees,False,0.38
783,1000395,2026-04-06 12:39:00,chat,fees,False,-0.11
784,1000396,2026-09-07 16:57:00,chat,service,False,-0.22
785,1000396,2026-06-22 13:30:00,chat,service,False,0.14
786,1000398,2026-09-26 00:54:00,branch,close_account,True,-0.54
787,1000398,2026-07-21 13:28:00,call,fees,False,-0.92
788,1000398,2026-08-09 01:10:00,call,service,False,-0.24
789,1000399,2026-07-28 23:45:00,call,other,False,0.61
790,1000401,2026-08-27 02:51:00,email,other,False,0.52
791,1000401,2026-07-22 07:09:00,chat,rates,False,0.16
792,1000402,2026-08-12 03:15:00,call,service,False,-0.16
793,1000402,2026-07-09 13:50:00,branch,fees,False,0.21
794,1000402,2026-04-19 12:49:00,branch,service,False,-0.19
795,1000403,2026-08-24 11:32:00,branch,other,False,0.42
796,1000403,2026-09-04 16:45:00,call,other,False,0.89
797,1000403,2026-04-29 11:19:00,email,rates,False,0.8
798,1000405,2026-04-16 22:55:00,email,close_account,False,-0.74
799,1000405,2026-08-22 16:05:00,chat,other,True,-1.0
800,1000405,2026-04-15 09:03:00,branch,close_account,False,-0.26
801,1000406,2026-05-31 06:38:00,branch,rates,False,0.98
802,1000406,2026-08-19 19:55:00,chat,other,False,0.26
803,1000406,2026-07-14 20:51:00,call,service,False,0.66
804,1000407,2026-04-29 00:15:00,branch,service,False,0.82
805,1000407,2026-08-26 08:14:00,email,fees,False,0.9
806,1000409,2026-04-11 21:51:00,email,close_account,False,0.72
807,1000410,2026-07-06 10:56:00,branch,service,False,-0.26
808,1000411,2026-07-15 01:35:00,email,rates,True,-0.61
809,1000411,2026-07-29 03:15:00,email,close_account,False,-0.67
810,1000411,2026-07-19 17:42:00,call,rates,True,-0.79
811,1000412,2026-04-17 23:32:00,email,other,False,-0.29
812,1000412,2026-08-31 14:07:00,branch,other,False,-0.28
813,1000413,2026-08-30 18:23:00,branch,service,False,0.96
814,1000413,2026-04-14 13:11:00,email,rates,False,-0.06
815,1000414,2026-04-11 10:22:00,call,fees,False,0.65
816,1000414,2026-04-01 18:55:00,call,service,False,0.74
817,1000414,2026-08-01 23:16:00,chat,rates,False,0.1
818,1000415,2026-07-17 05:25:00,branch,other,False,-0.23
819,1000415,2026-04-08 21:00:00,chat,rates,False,-0.22
820,1000415,2026-05-20 16:02:00,chat,other,False,0.92
821,1000416,2026-06-07 02:37:00,chat,service,False,0.67
822,1000417,2026-07-30 13:25:00,branch,rates,False,-0.25
823,1000418,2026-08-27 04:57:00,call,fees,True,-0.66
824,1000418,2026-08-27 04:39:00,chat,service,True,-0.65
825,1000418,2026-06-06 10:49:00,branch,rates,True,-0.92
826,1000418,2026-07-16 12:01:00,call,close_account,True,-0.35
827,1000419,2026-09-17 16:51:00,email,service,False,0.32
828,1000419,2026-05-30 22:37:00,call,service,False,0.57
829,1000419,2026-06-14 20:36:00,chat,fees,False,0.18
830,1000421,2026-05-05 05:00:00,chat,service,False,0.51
831,1000421,2026-04-12 04:16:00,branch,rates,False,-0.09
832,1000422,2026-05-30 16:47:00,call,other,False,0.16
833,1000422,2026-06-13 18:04:00,chat,rates,False,0.12
834,1000424,2026-08-09 17:04:00,chat,other,False,0.95
835,1000425,2026-05-24 22:23:00,branch,rates,False,0.95
836,1000426,2026-06-30 16:54:00,email,other,False,0.66
837,1000426,2026-04-04 02:10:00,email,fees,False,0.46
838,1000427,2026-08-21 08:23:00,call,rates,False,0.38
839,1000427,2026-04-06 05:57:00,email,other,False,0.92
840,1000429,2026-09-20 05:50:00,branch,rates,True,-0.72
841,1000429,2026-08-14 12:04:00,call,close_account,False,-0.89
842,1000429,2026-08-15 03:45:00,branch,close_account,False,-0.95
843,1000431,2026-09-14 14:29:00,chat,close_account,True,-0.37
844,1000431,2026-09-14 18:55:00,call,rates,False,-0.71
845,1000431,2026-06-13 10:45:00,email,close_account,True,-0.83
846,1000431,2026-05-16 00:00:00,branch,service,False,-0.4
847,1000431,2026-07-14 15:40:00,email,close_account,True,-0.95
848,1000431,2026-08-24 13:40:00,chat,close_account,True,-0.38
849,1000431,2026-04-03 01:07:00,email,rates,True,-0.95
850,1000431,2026-07-16 16:18:00,chat,fees,False,-0.29
851,1000432,2026-07-12 21:30:00,call,other,False,0.8
852,1000433,2026-06-28 15:09:00,branch,service,False,0.72
853,1000433,2026-07-02 18:55:00,branch,other,False,-0.27
854,1000433,2026-06-03 04:46:00,branch,fees,False,0.66
855,1000435,2026-05-09 07:01:00,email,other,False,0.66
856,1000435,2026-05-06 22:46:00,call,service,False,-0.05
857,1000435,2026-08-07 04:12:00,call,service,False,-0.0
858,1000437,2026-09-12 14:51:00,email,close_account,True,-0.98
859,1000437,2026-09-07 16:25:00,chat,fees,True,-0.76
860,1000437,2026-08-21 12:01:00,branch,fees,False,-0.31
861,1000438,2026-07-31 08:48:00,email,service,False,0.71
862,1000438,2026-08-08 09:16:00,chat,other,False,0.43
863,1000438,2026-08-22 16:26:00,call,rates,False,0.73
864,1000439,2026-07-14 19:40:00,chat,fees,False,0.01
865,1000439,2026-05-08 12:25:00,branch,fees,False,-0.22
866,1000440,2026-04-08 00:00:00,email,close_account,False,-0.88
867,1000440,2026-08-01 09:04:00,call,fees,True,-0.67
868,1000440,2026-05-14 23:45:00,email,rates,True,-0.27
869,1000440,2026-05-14 03:41:00,email,fees,False,-0.24
870,1000440,2026-08-12 17:58:00,email,fees,False,-0.84
871,1000441,2026-05-01 17:28:00,email,rates,False,-0.2
872,1000441,2026-04-30 03:24:00,chat,other,False,0.43
873,1000441,2026-08-23 10:48:00,branch,service,False,0.62
874,1000442,2026-08-25 04:33:00,call,other,False,0.35
875,1000442,2026-05-23 08:21:00,call,service,False,-0.16
876,1000443,2026-05-15 12:50:00,branch,service,False,-0.98
877,1000443,2026-06-15 13:12:00,email,fees,False,-0.44
878,1000443,2026-09-07 14:05:00,email,service,True,-0.52
879,1000443,2026-07-19 23:56:00,call,service,False,-0.55
880,1000445,2026-06-16 04:12:00,email,fees,False,0.08
881,1000446,2026-05-08 21:19:00,call,fees,False,-0.08
882,1000446,2026-04-19 08:08:00,branch,other,False,-0.27
883,1000447,2026-05-25 09:06:00,email,rates,False,0.12
884,1000448,2026-06-29 17:53:00,email,rates,False,0.7
885,1000449,2026-08-10 13:34:00,call,fees,True,-0.28
886,1000449,2026-04-03 08:00:00,email,other,True,-0.84
887,1000449,2026-04-07 09:14:00,branch,rates,True,-0.37
888,1000449,2026-05-24 21:21:00,email,other,True,-1.0
889,1000450,2026-07-10 00:08:00,call,service,False,0.42
890,1000450,2026-07-28 06:39:00,email,rates,False,0.52
891,1000453,2026-09-02 05:06:00,chat,service,True,-0.47
892,1000453,2026-08-08 21:16:00,call,fees,False,-0.4
893,1000453,2026-07-12 19:24:00,call,fees,False,-0.32
894,1000453,2026-05-11 03:51:00,branch,rates,False,-0.84
895,1000453,2026-09-01 19:56:00,email,close_account,True,-0.57
896,1000453,2026-08-05 13:57:00,chat,fees,False,-0.62
897,1000453,2026-06-06 14:34:00,branch,fees,False,-0.28
898,1000455,2026-04-09 00:34:00,call,service,False,0.82
899,1000455,2026-05-06 12:46:00,call,other,False,-0.22
900,1000455,2026-07-20 15:23:00,call,fees,False,0.12
901,1000457,2026-08-26 11:47:00,branch,fees,False,-0.03
902,1000457,2026-08-13 02:51:00,chat,rates,False,0.61
903,1000458,2026-04-21 23:01:00,branch,fees,False,0.68
904,1000459,2026-06-20 05:37:00,branch,other,False,-0.12
905,1000459,2026-05-02 17:33:00,email,fees,False,0.67
906,1000459,2026-06-13 00:53:00,email,other,False,0.75
907,1000460,2026-08-10 08:16:00,call,other,False,0.12
908,1000461,2026-04-12 04:39:00,email,other,False,-0.07
909,1000462,2026-05-23 23:45:00,chat,fees,True,-1.0
910,1000462,2026-07-21 15:28:00,email,close_account,False,-0.42
911,1000462,2026-09-14 14:05:00,call,service,True,-0.86
912,1000463,2026-07-20 20:55:00,email,other,False,0.07
913,1000464,2026-04-28 00:34:00,email,other,False,0.97
914,1000465,2026-06-22 19:34:00,branch,other,False,0.52
915,1000466,2026-08-19 10:36:00,email,other,False,0.49
916,1000466,2026-09-19 20:41:00,email,service,False,-0.07
917,1000467,2026-07-21 10:15:00,call,fees,True,-0.32
918,1000467,2026-06-09 06:33:00,email,close_account,True,-0.62
919,1000467,2026-06-25 03:49:00,branch,fees,False,-0.91
920,1000467,2026-06-13 16:25:00,email,fees,True,-0.94
921,1000467,2026-05-05 13:23:00,call,service,True,-0.38
922,1000467,2026-04-22 12:30:00,branch,other,True,-0.42
923,1000467,2026-08-17 18:43:00,call,other,False,-0.69
924,1000467,2026-09-11 23:49:00,chat,other,True,-0.52
925,1000469,2026-04-28 13:16:00,branch,service,False,0.39
926,1000470,2026-05-15 21:22:00,chat,other,False,-0.0
927,1000470,2026-09-01 12:09:00,chat,rates,False,0.3
928,1000470,2026-07-06 13:23:00,call,service,False,-0.0
929,1000471,2026-04-24 19:29:00,email,rates,False,0.59
930,1000472,2026-04-27 11:02:00,branch,rates,False,0.03
931,1000472,2026-04-10 23:09:00,chat,other,False,0.61
932,1000472,2026-06-29 20:35:00,call,service,False,0.57
933,1000474,2026-09-11 07:59:00,chat,other,False,0.17
934,1000475,2026-06-11 15:31:00,email,rates,False,0.3
935,1000476,2026-05-05 16:19:00,chat,rates,False,-0.03
936,1000476,2026-09-26 07:24:00,chat,rates,False,0.1
937,1000476,2026-05-06 20:46:00,call,close_account,False,0.89
938,1000478,2026-06-02 05:39:00,branch,service,False,0.92
939,1000478,2026-07-14 02:37:00,email,service,False,0.34
940,1000478,2026-06-30 23:03:00,branch,other,False,0.48
941,1000479,2026-05-05 12:14:00,call,other,False,0.33
942,1000479,2026-05-27 04:27:00,branch,service,False,-0.06
943,1000479,2026-07-03 19:59:00,chat,other,False,-0.09
944,1000480,2026-08-04 15:34:00,branch,fees,True,-0.39
945,1000480,2026-05-18 08:27:00,call,fees,False,-0.52
946,1000480,2026-05-28 05:25:00,email,rates,True,-0.35
947,1000480,2026-07-15 02:31:00,chat,close_account,False,-0.93
948,1000480,2026-07-02 13:22:00,email,close_account,False,-0.54
949,1000480,2026-08-26 02:20:00,chat,rates,True,-0.7
950,1000481,2026-08-31 03:38:00,call,fees,False,0.24
951,1000481,2026-07-25 02:45:00,call,other,False,0.05
952,1000482,2026-04-05 16:20:00,chat,other,False,0.75
953,1000482,2026-04-08 15:41:00,email,fees,False,0.84
954,1000483,2026-07-07 06:11:00,call,service,False,0.04
955,1000483,2026-07-09 16:00:00,email,service,False,-0.23
956,1000483,2026-07-21 09:38:00,email,service,False,0.39
957,1000485,2026-07-20 10:08:00,call,fees,True,-0.75
958,1000485,2026-07-13 15:28:00,email,close_account,True,-0.93
959,1000485,2026-08-10 03:32:00,email,close_account,False,-0.63
960,1000485,2026-05-27 01:36:00,email,other,False,-0.69
961,1000485,2026-06-20 17:54:00,email,close_account,True,-0.27
962,1000485,2026-09-04 00:27:00,email,other,True,-0.34
963,1000486,2026-05-11 10:35:00,call,fees,False,-0.29
964,1000487,2026-07-24 20:35:00,call,other,False,-0.12
965,1000487,2026-09-23 17:21:00,call,fees,False,0.79
966,1000490,2026-06-01 22:19:00,chat,other,False,0.48
967,1000491,2026-04-04 04:14:00,chat,rates,False,-0.76
968,1000491,2026-08-20 10:34:00,call,fees,False,-0.57
969,1000491,2026-05-18 15:19:00,call,close_account,False,-0.52
970,1000491,2026-09-20 09:02:00,email,close_account,True,-0.25
971,1000491,2026-08-25 16:00:00,call,rates,True,-0.35
972,1000491,2026-04-29 05:25:00,chat,service,True,-0.36
973,1000492,2026-08-26 14:58:00,branch,rates,False,-0.23
974,1000494,2026-05-03 03:10:00,call,rates,False,0.42
975,1000495,2026-07-12 01:43:00,call,fees,True,-0.58
976,1000495,2026-06-16 15:49:00,chat,fees,True,-0.54
977,1000495,2026-06-02 20:19:00,email,service,True,-0.37
978,1000496,2026-05-27 16:23:00,chat,fees,False,0.64
979,1000497,2026-05-18 02:13:00,branch,close_account,True,-0.52
980,1000497,2026-08-19 21:46:00,branch,rates,True,-0.21
981,1000497,2026-06-12 15:46:00,chat,fees,False,-0.32
982,1000497,2026-07-12 17:29:00,branch,fees,True,-0.62
983,1000497,2026-06-04 15:43:00,email,other,True,-0.42
984,1000497,2026-06-13 07:34:00,chat,rates,False,-0.94
985,1000497,2026-09-05 10:31:00,email,other,True,-0.48
986,1000497,2026-07-11 11:22:00,branch,close_account,True,-0.74
987,1000498,2026-07-02 04:41:00,email,other,False,-0.15
988,1000498,2026-08-04 23:19:00,email,service,False,0.34
989,1000498,2026-07-18 09:49:00,chat,service,False,0.16
990,1000499,2026-08-16 10:52:00,call,service,False,0.3
991,1000499,2026-07-21 15:45:00,branch,other,False,-0.02
992,1000500,2026-08-03 02:04:00,call,service,False,0.76
993,1000502,2026-09-03 03:05:00,chat,other,True,-0.77
994,1000502,2026-09-14 04:19:00,email,close_account,False,-0.7
995,1000502,2026-09-26 16:09:00,call,rates,False,-0.64
996,1000502,2026-05-26 12:45:00,branch,close_account,True,-0.34
997,1000503,2026-09-25 21:52:00,branch,rates,False,0.85
998,1000504,2026-04-24 12:33:00,call,rates,False,0.7
999,1000505,2026-06-25 05:46:00,call,close_account,False,0.88
1000,1000505,2026-06-05 05:30:00,chat,other,False,0.53
1001,1000507,2026-05-01 02:36:00,chat,rates,False,-0.08
1002,1000507,2026-05-02 11:47:00,branch,other,False,0.2
1003,1000508,2026-09-05 22:40:00,branch,other,False,-0.07
1004,1000509,2026-09-05 09:30:00,chat,fees,False,-0.05
1005,1000510,2026-04-01 07:31:00,email,fees,False,0.21
1006,1000510,2026-06-25 19:21:00,call,rates,False,0.88
1007,1000510,2026-05-13 21:33:00,chat,fees,False,0.77
1008,1000511,2026-04-25 10:42:00,chat,rates,True,-0.85
1009,1000511,2026-06-04 17:08:00,call,fees,True,-0.32
1010,1000511,2026-05-04 16:31:00,email,rates,False,-0.92
1011,1000513,2026-07-31 09:58:00,chat,service,False,0.37
1012,1000514,2026-04-02 10:14:00,call,service,False,-0.14
1013,1000514,2026-08-02 19:38:00,branch,service,False,-0.23
1014,1000515,2026-04-22 13:49:00,chat,other,False,0.21
1015,1000515,2026-04-03 04:54:00,call,fees,False,0.62
1016,1000515,2026-08-28 13:34:00,chat,rates,False,0.8
1017,1000516,2026-06-04 00:06:00,email,service,False,0.07
1018,1000517,2026-06-17 15:32:00,chat,fees,True,-0.85
1019,1000517,2026-08-15 12:07:00,email,service,True,-0.25
1020,1000517,2026-06-08 19:32:00,email,rates,True,-0.91
1021,1000517,2026-05-23 21:28:00,branch,close_account,True,-0.58
1022,1000517,2026-07-31 13:40:00,call,other,False,-0.98
1023,1000517,2026-06-19 21:36:00,email,rates,True,-0.32
1024,1000518,2026-04-09 17:41:00,branch,fees,False,0.38
1025,1000518,2026-04-21 09:03:00,call,rates,False,-0.05
1026,1000518,2026-05-23 10:08:00,call,rates,False,-0.05
1027,1000519,2026-04-30 09:37:00,chat,rates,False,0.31
1028,1000519,2026-07-25 18:37:00,email,fees,False,-0.2
1029,1000520,2026-05-04 18:13:00,branch,rates,False,0.66
1030,1000520,2026-05-05 06:32:00,email,fees,False,0.82
1031,1000521,2026-08-23 23:53:00,chat,fees,False,-0.41
1032,1000521,2026-05-05 18:12:00,branch,fees,False,-0.42
1033,1000521,2026-07-05 02:37:00,call,fees,True,-0.54
1034,1000521,2026-06-22 02:17:00,branch,rates,False,-0.27
1035,1000521,2026-06-15 19:36:00,email,fees,True,-0.86
1036,1000522,2026-04-17 15:13:00,branch,fees,False,0.35
1037,1000522,2026-09-24 21:17:00,email,service,False,0.25
1038,1000522,2026-07-11 16:38:00,email,other,False,0.61
1039,1000524,2026-07-18 06:21:00,branch,rates,False,0.96
1040,1000524,2026-05-03 09:25:00,email,fees,False,0.94
1041,1000525,2026-09-14 13:43:00,call,rates,False,0.48
1042,1000525,2026-09-28 23:23:00,call,other,False,0.31
1043,1000526,2026-08-12 03:09:00,call,fees,False,-0.68
1044,1000526,2026-06-14 14:35:00,email,rates,True,-0.61
1045,1000526,2026-06-22 00:57:00,email,service,True,-0.98
1046,1000526,2026-08-25 18:10:00,call,fees,False,-0.97
1047,1000526,2026-06-28 04:48:00,email,close_account,True,-0.21
1048,1000526,2026-06-17 03:47:00,call,service,False,-0.74
1049,1000527,2026-09-09 15:26:00,email,fees,False,0.8
1050,1000527,2026-06-24 11:42:00,branch,fees,False,0.65
1051,1000527,2026-07-21 04:14:00,chat,fees,False,0.54
1052,1000528,2026-06-17 19:56:00,branch,service,False,0.39
1053,1000528,2026-04-09 02:42:00,chat,fees,False,-0.27
1054,1000529,2026-05-25 15:43:00,branch,rates,False,0.61
1055,1000529,2026-09-16 18:06:00,call,close_account,False,-0.02
1056,1000529,2026-07-02 03:42:00,chat,other,False,0.93
1057,1000530,2026-06-16 15:46:00,call,service,False,0.84
1058,1000530,2026-08-24 20:28:00,chat,service,False,0.75
1059,1000531,2026-07-19 19:03:00,branch,other,False,-0.25
1060,1000531,2026-08-05 12:51:00,email,other,False,0.64
1061,1000532,2026-09-18 14:23:00,email,other,False,0.94
1062,1000532,2026-06-06 03:31:00,email,other,False,0.81
1063,1000533,2026-06-24 05:40:00,call,service,False,0.3
1064,1000533,2026-07-12 02:53:00,chat,other,False,0.03
1065,1000537,2026-07-29 22:54:00,email,other,False,0.56
1066,1000537,2026-07-18 17:30:00,chat,other,False,-0.0
1067,1000537,2026-08-17 21:00:00,email,fees,False,0.82
1068,1000538,2026-09-14 20:21:00,chat,fees,True,-0.33
1069,1000538,2026-04-11 18:06:00,branch,service,False,-0.96
1070,1000538,2026-09-12 09:48:00,branch,close_account,False,-0.99
1071,1000538,2026-09-09 01:16:00,call,service,True,-0.87
1072,1000538,2026-09-10 04:24:00,chat,close_account,False,-0.34
1073,1000538,2026-07-16 00:12:00,chat,service,True,-0.96
1074,1000538,2026-04-06 11:35:00,email,other,True,-0.8
1075,1000538,2026-05-05 02:05:00,branch,rates,True,-0.68
1076,1000540,2026-05-13 22:25:00,branch,service,False,0.56
1077,1000540,2026-06-16 00:46:00,chat,service,False,0.18
1078,1000540,2026-09-17 15:14:00,branch,fees,False,0.38
1079,1000541,2026-09-16 17:48:00,call,service,False,0.87
1080,1000541,2026-05-02 01:55:00,call,rates,False,0.24
1081,1000541,2026-08-29 07:50:00,branch,service,False,-0.07
1082,1000543,2026-07-29 16:14:00,chat,service,False,-0.28
1083,1000543,2026-08-04 20:03:00,email,rates,False,0.53
1084,1000544,2026-07-20 02:24:00,branch,service,False,0.34
1085,1000544,2026-08-14 18:13:00,email,service,False,0.88
1086,1000545,2026-04-24 21:14:00,email,service,False,0.43
1087,1000547,2026-07-07 21:18:00,branch,service,False,0.43
1088,1000547,2026-06-04 01:28:00,email,rates,False,0.15
1089,1000547,2026-05-28 12:54:00,email,other,False,0.51
1090,1000548,2026-04-14 16:15:00,chat,other,False,0.32
1091,1000548,2026-05-31 16:19:00,branch,rates,False,0.57
1092,1000548,2026-04-29 05:31:00,branch,service,False,0.88
1093,1000550,2026-06-21 17:42:00,chat,rates,True,-0.49
1094,1000550,2026-07-24 09:16:00,call,other,False,-0.54
1095,1000550,2026-07-03 01:57:00,chat,rates,True,-0.92
1096,1000550,2026-08-14 07:00:00,call,service,False,-0.75
1097,1000551,2026-06-06 13:26:00,email,other,False,0.77
1098,1000551,2026-07-18 05:11:00,email,fees,False,0.07
1099,1000551,2026-06-18 19:47:00,branch,service,False,-0.25
1100,1000552,2026-07-15 08:39:00,branch,service,False,0.57
1101,1000553,2026-05-20 09:09:00,email,rates,False,0.13
1102,1000553,2026-07-06 05:43:00,email,other,False,-0.16
1103,1000554,2026-09-14 14:29:00,chat,fees,False,0.92
1104,1000556,2026-05-01 12:56:00,email,service,False,-0.29
1105,1000556,2026-04-16 16:45:00,branch,other,False,0.61
1106,1000558,2026-09-26 16:34:00,branch,service,False,0.7
1107,1000558,2026-04-22 22:24:00,chat,service,False,0.33
1108,1000558,2026-04-01 10:15:00,branch,fees,False,0.52
1109,1000559,2026-04-08 07:19:00,email,other,False,-0.14
1110,1000559,2026-04-01 06:40:00,chat,other,False,0.15
1111,1000559,2026-09-21 16:18:00,call,rates,False,-0.27
1112,1000560,2026-09-24 00:49:00,branch,service,False,-0.63
1113,1000560,2026-08-08 09:50:00,email,close_account,False,-0.7
1114,1000560,2026-05-29 14:20:00,branch,close_account,False,-0.6
1115,1000560,2026-07-10 17:01:00,branch,close_account,True,-0.87
1116,1000561,2026-05-23 04:09:00,call,other,False,-0.15
1117,1000562,2026-06-19 08:29:00,call,service,False,0.98
1118,1000562,2026-05-19 18:01:00,email,other,False,0.3
1119,1000562,2026-04-11 07:07:00,branch,rates,False,0.69
1120,1000563,2026-08-05 23:28:00,call,rates,False,-0.06
1121,1000563,2026-06-01 01:02:00,branch,fees,False,0.0
1122,1000563,2026-04-05 19:33:00,branch,service,False,0.88
1123,1000564,2026-05-25 07:34:00,branch,rates,False,0.25
1124,1000564,2026-05-04 02:11:00,call,other,False,0.38
1125,1000564,2026-06-06 20:17:00,call,service,False,0.37
1126,1000565,2026-04-01 22:46:00,branch,rates,False,0.22
1127,1000566,2026-07-17 04:05:00,branch,service,False,-0.24
1128,1000567,2026-05-12 09:17:00,email,other,False,1.0
1129,1000568,2026-05-19 12:32:00,email,service,False,0.15
1130,1000570,2026-08-05 00:49:00,call,fees,False,0.62
1131,1000570,2026-05-10 06:43:00,email,service,False,0.54
1132,1000570,2026-06-11 05:56:00,call,rates,False,0.8
1133,1000571,2026-05-19 18:53:00,chat,other,False,0.23
1134,1000571,2026-08-29 08:17:00,email,rates,False,0.6
1135,1000573,2026-08-22 05:47:00,branch,service,False,0.15
1136,1000573,2026-09-17 20:20:00,chat,other,False,0.2
1137,1000574,2026-05-20 06:10:00,chat,service,False,-0.05
1138,1000575,2026-04-18 08:20:00,chat,rates,True,-0.49
1139,1000575,2026-08-07 05:00:00,branch,close_account,True,-0.21
1140,1000575,2026-09-21 09:47:00,call,fees,False,-0.84
1141,1000575,2026-07-14 13:53:00,chat,service,False,-0.29
1142,1000575,2026-05-26 20:53:00,branch,service,False,-0.65
1143,1000575,2026-04-14 01:43:00,branch,close_account,False,-0.71
1144,1000575,2026-09-08 00:44:00,email,other,True,-0.36
1145,1000576,2026-06-02 00:46:00,call,rates,False,0.05
1146,1000577,2026-09-11 00:45:00,call,other,False,0.93
1147,1000577,2026-04-29 14:00:00,chat,fees,False,0.77
1148,1000577,2026-05-01 18:28:00,chat,other,False,0.1
1149,1000578,2026-08-18 06:06:00,call,rates,False,-0.01
1150,1000578,2026-04-09 16:53:00,call,service,False,0.92
1151,1000579,2026-04-29 05:42:00,branch,fees,False,-0.68
1152,1000579,2026-06-12 15:17:00,branch,service,True,-0.91
1153,1000579,2026-07-21 19:24:00,call,fees,True,-0.64
1154,1000580,2026-04-25 19:01:00,email,service,False,0.93
1155,1000581,2026-09-04 00:59:00,chat,service,False,0.42
1156,1000581,2026-04-04 08:43:00,chat,rates,False,0.66
1157,1000582,2026-07-03 03:41:00,branch,service,True,-0.58
1158,1000582,2026-07-11 07:47:00,call,rates,True,-0.56
1159,1000582,2026-07-07 17:04:00,email,rates,False,-0.73
1160,1000582,2026-04-14 18:52:00,call,service,True,-0.85
1161,1000582,2026-08-11 08:44:00,email,rates,True,-0.81
1162,1000583,2026-07-14 07:44:00,chat,fees,False,0.49
1163,1000583,2026-05-01 05:13:00,email,rates,False,0.98
1164,1000583,2026-08-11 11:03:00,call,service,False,0.07
1165,1000584,2026-07-13 09:41:00,email,rates,False,0.45
1166,1000584,2026-06-07 14:35:00,chat,other,False,0.11
1167,1000585,2026-07-12 00:36:00,call,other,False,0.72
1168,1000586,2026-07-28 22:29:00,call,service,False,0.86
1169,1000587,2026-09-28 20:16:00,chat,service,False,0.46
1170,1000588,2026-06-25 18:31:00,chat,close_account,True,-0.25
1171,1000588,2026-09-14 14:33:00,call,service,True,-0.31
1172,1000588,2026-05-03 09:36:00,chat,other,True,-0.74
1173,1000588,2026-04-15 05:24:00,call,rates,True,-0.64
1174,1000588,2026-05-30 18:44:00,chat,fees,False,-0.78
1175,1000588,2026-05-28 01:58:00,branch,rates,True,-0.97
1176,1000590,2026-08-19 06:23:00,branch,rates,False,0.83
1177,1000590,2026-06-16 17:03:00,chat,service,False,0.26
1178,1000591,2026-09-10 13:17:00,call,service,False,-0.29
1179,1000591,2026-05-09 00:56:00,branch,service,False,0.2
1180,1000591,2026-09-22 18:26:00,chat,service,False,0.33
1181,1000592,2026-09-05 01:28:00,chat,other,False,0.73
1182,1000593,2026-05-06 10:42:00,chat,other,False,0.23
1183,1000593,2026-04-14 00:18:00,call,service,False,-0.09
1184,1000594,2026-09-06 01:35:00,chat,fees,False,-0.87
1185,1000594,2026-07-21 09:31:00,call,service,False,-0.6
1186,1000594,2026-06-14 21:16:00,branch,service,True,-0.32
1187,1000594,2026-06-01 11:05:00,email,fees,True,-0.39
1188,1000595,2026-09-24 09:55:00,chat,other,False,0.1
1189,1000595,2026-09-17 14:34:00,chat,service,False,0.4
1190,1000595,2026-04-27 10:04:00,call,fees,False,0.5
1191,1000596,2026-05-08 19:36:00,chat,service,False,0.24
1192,1000597,2026-08-10 16:55:00,call,rates,False,0.35
1193,1000598,2026-07-25 12:47:00,chat,other,False,0.86
1194,1000599,2026-08-10 06:50:00,call,rates,False,0.47
1195,1000599,2026-08-27 13:41:00,email,service,False,-0.3
1196,1000600,2026-07-09 02:10:00,chat,other,False,0.84
1197,1000601,2026-09-13 04:25:00,call,service,False,-0.13
1198,1000601,2026-08-11 13:29:00,call,other,False,0.92
1199,1000601,2026-05-29 11:29:00,email,service,False,0.87
1200,1000602,2026-09-03 07:42:00,chat,close_account,False,-0.79
1201,1000602,2026-08-17 09:38:00,chat,fees,True,-0.45
1202,1000602,2026-04-28 09:48:00,chat,fees,True,-0.85
1203,1000602,2026-06-23 02:42:00,call,rates,True,-0.46
1204,1000604,2026-06-29 02:38:00,email,service,False,-0.52
1205,1000604,2026-06-18 18:28:00,call,other,False,-0.26
1206,1000604,2026-08-27 03:06:00,email,close_account,False,-0.93
1207,1000604,2026-07-23 08:46:00,email,service,True,-0.45
1208,1000604,2026-04-26 07:13:00,chat,other,True,-0.96
1209,1000604,2026-09-03 01:38:00,chat,fees,False,-0.26
1210,1000604,2026-04-24 03:43:00,branch,close_account,True,-0.79
1211,1000604,2026-04-17 03:00:00,email,other,True,-0.79
1212,1000605,2026-08-19 21:55:00,email,fees,False,0.22
1213,1000605,2026-05-16 10:27:00,call,service,False,-0.26
1214,1000605,2026-05-08 15:13:00,branch,service,False,0.89
1215,1000606,2026-09-10 07:37:00,branch,service,False,0.09
1216,1000607,2026-06-24 17:38:00,chat,fees,True,-0.75
1217,1000607,2026-05-28 02:12:00,chat,fees,False,-0.71
1218,1000607,2026-07-25 04:34:00,call,other,True,-0.24
1219,1000607,2026-04-26 06:21:00,email,service,True,-0.65
1220,1000607,2026-04-27 08:38:00,chat,service,True,-0.24
1221,1000607,2026-06-24 21:28:00,email,close_account,True,-0.6
1222,1000607,2026-06-05 05:54:00,call,service,True,-0.32
1223,1000607,2026-04-12 07:58:00,branch,fees,False,-0.21
1224,1000608,2026-08-28 06:56:00,branch,service,False,0.81
1225,1000608,2026-07-24 05:12:00,chat,service,False,0.56
1226,1000609,2026-08-07 06:38:00,branch,service,False,0.49
1227,1000609,2026-05-04 21:51:00,branch,service,False,0.25
1228,1000609,2026-08-28 06:25:00,email,service,False,0.44
1229,1000610,2026-09-14 19:15:00,call,other,False,0.49
1230,1000610,2026-04-18 07:24:00,email,service,False,-0.23
1231,1000611,2026-05-17 22:26:00,branch,service,False,-0.01
1232,1000613,2026-08-15 15:54:00,chat,rates,False,0.9
1233,1000615,2026-06-01 06:46:00,chat,other,False,-0.19
1234,1000615,2026-06-30 07:48:00,email,other,False,0.46
1235,1000616,2026-04-24 18:53:00,branch,other,False,0.16
1236,1000617,2026-07-07 05:28:00,chat,service,False,-0.01
1237,1000617,2026-07-27 10:32:00,call,rates,False,0.26
1238,1000618,2026-09-11 19:56:00,branch,rates,False,-0.83
1239,1000618,2026-06-05 08:38:00,branch,rates,True,-0.88
1240,1000618,2026-06-01 08:24:00,chat,other,True,-0.6
1241,1000618,2026-09-28 01:53:00,email,fees,True,-0.21
1242,1000618,2026-07-06 01:23:00,call,rates,False,-0.23
1243,1000618,2026-06-29 05:30:00,chat,fees,True,-0.69
1244,1000618,2026-04-10 22:40:00,call,service,False,-0.48
1245,1000618,2026-05-06 23:22:00,chat,fees,False,-0.75
1246,1000619,2026-06-02 13:15:00,chat,service,True,-0.72
1247,1000619,2026-06-09 00:28:00,chat,fees,True,-0.61
1248,1000619,2026-04-16 09:16:00,email,rates,True,-0.46
1249,1000619,2026-09-10 01:21:00,call,other,False,-0.3
1250,1000619,2026-09-02 13:57:00,call,service,False,-0.67
1251,1000619,2026-06-08 04:58:00,branch,fees,False,-0.53
1252,1000619,2026-07-07 01:42:00,branch,fees,True,-0.47
1253,1000619,2026-04-29 00:22:00,email,rates,False,-0.7
1254,1000620,2026-04-14 07:42:00,chat,rates,True,-0.4
1255,1000620,2026-04-30 11:40:00,email,service,False,-0.53
1256,1000620,2026-05-09 10:17:00,chat,fees,False,-0.76
1257,1000620,2026-05-06 00:01:00,email,other,False,-0.51
1258,1000620,2026-06-04 07:45:00,branch,rates,False,-0.39
1259,1000620,2026-05-15 13:19:00,email,fees,False,-0.75
1260,1000620,2026-04-10 22:02:00,call,rates,True,-0.41
1261,1000621,2026-09-23 17:46:00,call,other,False,0.36
1262,1000621,2026-06-24 09:11:00,branch,fees,False,0.92
1263,1000621,2026-04-01 17:21:00,email,service,False,0.14
1264,1000622,2026-07-30 23:48:00,email,rates,False,-0.09
1265,1000623,2026-05-29 06:41:00,call,service,False,0.52
1266,1000624,2026-04-21 02:46:00,chat,fees,False,0.05
1267,1000624,2026-04-30 09:38:00,call,rates,False,0.48
1268,1000624,2026-08-23 12:24:00,branch,other,False,0.95
1269,1000625,2026-09-09 11:22:00,branch,other,False,-0.23
1270,1000625,2026-06-27 14:59:00,branch,fees,False,0.21
1271,1000626,2026-05-28 13:09:00,call,other,False,0.07
1272,1000626,2026-09-13 18:03:00,branch,fees,False,-0.05
1273,1000626,2026-07-21 05:04:00,chat,other,False,0.54
1274,1000628,2026-07-09 01:30:00,branch,rates,False,-0.73
1275,1000628,2026-06-28 18:43:00,call,fees,True,-0.22
1276,1000628,2026-06-26 09:21:00,branch,service,True,-0.44
1277,1000628,2026-06-13 12:25:00,call,close_account,False,-0.43
1278,1000628,2026-04-01 01:17:00,call,close_account,True,-0.67
1279,1000629,2026-08-26 01:37:00,branch,other,False,-0.21
1280,1000629,2026-07-20 02:32:00,call,rates,False,0.76
1281,1000630,2026-04-11 00:41:00,email,service,False,-0.12
1282,1000630,2026-06-25 15:47:00,branch,other,False,0.27
1283,1000632,2026-04-05 17:15:00,call,close_account,True,-0.61
1284,1000632,2026-04-21 09:14:00,email,service,False,-0.48
1285,1000632,2026-06-07 16:29:00,email,fees,False,-0.22
1286,1000633,2026-04-10 14:51:00,branch,service,False,0.39
1287,1000634,2026-08-05 10:16:00,chat,service,False,-0.19
1288,1000636,2026-05-18 03:48:00,branch,fees,False,0.64
1289,1000636,2026-05-20 01:51:00,branch,other,False,0.63
1290,1000636,2026-09-25 16:27:00,email,service,False,-0.29
1291,1000637,2026-04-24 09:48:00,branch,close_account,True,-0.4
1292,1000637,2026-08-15 22:22:00,email,fees,True,-0.26
1293,1000637,2026-04-21 19:16:00,chat,close_account,True,-0.37
1294,1000637,2026-05-04 19:25:00,call,close_account,True,-0.82
1295,1000637,2026-04-02 19:30:00,email,fees,True,-0.75
1296,1000638,2026-08-23 06:21:00,branch,service,True,-0.32
1297,1000638,2026-05-07 18:16:00,call,service,False,-0.53
1298,1000638,2026-09-12 09:53:00,chat,rates,False,-0.31
1299,1000638,2026-06-13 06:26:00,chat,close_account,False,-0.47
1300,1000638,2026-04-17 06:36:00,chat,close_account,True,-0.81
1301,1000638,2026-04-19 18:47:00,branch,rates,True,-0.44
1302,1000639,2026-09-27 08:18:00,email,other,False,0.71
1303,1000639,2026-07-11 09:31:00,chat,service,False,0.09
1304,1000639,2026-08-27 14:57:00,branch,fees,False,-0.29
1305,1000640,2026-04-21 21:27:00,email,rates,False,0.21
1306,1000640,2026-04-28 04:11:00,email,fees,False,-0.15
1307,1000640,2026-05-16 09:21:00,chat,fees,False,0.23
1308,1000641,2026-06-12 15:05:00,call,other,False,-0.03
1309,1000641,2026-06-23 23:34:00,call,fees,False,0.86
1310,1000642,2026-07-24 09:00:00,chat,other,False,-0.16
1311,1000642,2026-05-17 17:36:00,email,other,False,0.61
1312,1000642,2026-07-12 03:50:00,email,other,False,-0.02
1313,1000643,2026-05-17 15:54:00,chat,other,False,-0.19
1314,1000643,2026-06-26 12:50:00,call,other,False,-0.04
1315,1000643,2026-08-31 07:08:00,email,other,False,-0.07
1316,1000644,2026-04-19 23:35:00,chat,service,False,0.2
1317,1000644,2026-08-18 11:56:00,email,fees,False,0.69
1318,1000645,2026-07-01 10:13:00,email,other,False,0.5
1319,1000646,2026-07-03 17:05:00,chat,close_account,True,-0.49
1320,1000646,2026-07-13 01:08:00,chat,close_account,True,-0.42
1321,1000646,2026-05-06 02:01:00,branch,fees,True,-0.42
1322,1000646,2026-04-25 15:18:00,email,other,False,-0.84
1323,1000646,2026-08-30 17:33:00,call,close_account,False,-0.6
1324,1000646,2026-05-04 11:25:00,branch,close_account,True,-0.57
1325,1000646,2026-04-24 16:36:00,call,close_account,False,-0.59
1326,1000646,2026-06-01 00:47:00,chat,service,True,-0.83
1327,1000647,2026-06-07 00:40:00,branch,other,False,0.18
1328,1000648,2026-06-19 08:54:00,branch,rates,False,0.19
1329,1000648,2026-04-13 21:54:00,branch,service,False,0.6
1330,1000649,2026-09-08 19:19:00,email,rates,False,-0.13
1331,1000649,2026-05-13 13:05:00,chat,other,False,0.68
1332,1000649,2026-09-15 07:34:00,chat,service,False,0.26
1333,1000650,2026-07-13 02:51:00,branch,fees,False,0.53
1334,1000650,2026-05-15 22:51:00,email,close_account,False,0.01
1335,1000651,2026-05-25 01:45:00,email,rates,False,-0.15
1336,1000652,2026-05-23 01:53:00,email,service,False,0.37
1337,1000652,2026-09-18 01:24:00,chat,service,False,0.54
1338,1000652,2026-04-06 23:06:00,call,other,False,0.3
1339,1000653,2026-05-16 14:09:00,call,service,False,0.83
1340,1000653,2026-05-31 20:22:00,call,other,False,0.02
1341,1000653,2026-05-24 11:15:00,call,other,False,0.22
1342,1000654,2026-05-16 15:57:00,branch,service,False,0.19
1343,1000654,2026-08-29 05:29:00,branch,service,False,0.71
1344,1000655,2026-09-17 05:29:00,chat,other,False,-0.17
1345,1000655,2026-09-07 20:49:00,call,rates,False,-0.07
1346,1000656,2026-07-19 01:47:00,email,fees,True,-0.45
1347,1000656,2026-05-13 16:14:00,email,service,True,-0.25
1348,1000656,2026-04-19 00:55:00,branch,fees,False,-0.44
1349,1000657,2026-04-12 21:45:00,chat,service,False,0.64
1350,1000658,2026-07-20 14:43:00,chat,other,False,0.03
1351,1000659,2026-04-19 03:23:00,chat,fees,False,0.28
1352,1000659,2026-04-05 12:03:00,chat,service,False,0.51
1353,1000660,2026-09-06 22:56:00,call,close_account,True,-0.73
1354,1000660,2026-09-19 17:24:00,email,service,True,-0.26
1355,1000660,2026-04-21 06:01:00,call,rates,True,-0.94
1356,1000662,2026-08-30 02:20:00,call,other,False,-0.1
1357,1000663,2026-09-18 01:01:00,branch,service,False,0.2
1358,1000665,2026-04-25 16:44:00,branch,other,False,0.98
1359,1000665,2026-09-20 13:44:00,call,service,False,0.32
1360,1000666,2026-04-02 03:18:00,branch,fees,False,0.16
1361,1000667,2026-07-10 22:03:00,email,other,False,0.75
1362,1000667,2026-08-08 22:48:00,branch,service,False,0.86
1363,1000668,2026-08-19 21:35:00,email,service,False,0.89
1364,1000669,2026-07-06 21:35:00,branch,fees,False,0.37
1365,1000671,2026-06-03 13:21:00,email,fees,False,0.61
1366,1000673,2026-08-19 13:52:00,email,fees,False,0.45
1367,1000673,2026-05-30 17:44:00,branch,fees,False,0.46
1368,1000673,2026-04-15 09:16:00,call,rates,False,0.35
1369,1000674,2026-09-17 01:10:00,branch,other,False,0.08
1370,1000675,2026-06-05 11:53:00,email,rates,False,-0.24
1371,1000675,2026-06-15 01:19:00,call,service,False,-0.23
1372,1000675,2026-06-18 21:33:00,chat,fees,False,0.04
1373,1000676,2026-07-12 08:37:00,branch,service,False,0.44
1374,1000678,2026-04-11 10:46:00,branch,service,False,0.65
1375,1000680,2026-08-13 02:00:00,branch,other,False,0.79
1376,1000680,2026-08-26 23:19:00,email,service,False,-0.14
1377,1000680,2026-08-19 12:02:00,call,service,False,0.65
1378,1000681,2026-05-31 11:11:00,chat,close_account,True,-0.79
1379,1000681,2026-07-06 14:19:00,chat,fees,True,-0.61
1380,1000681,2026-06-06 20:16:00,chat,service,True,-0.72
1381,1000681,2026-08-14 10:17:00,call,service,False,-0.59
1382,1000682,2026-05-13 11:22:00,email,fees,True,-0.95
1383,1000682,2026-04-06 16:52:00,call,close_account,True,-0.31
1384,1000682,2026-06-16 03:01:00,call,fees,True,-0.83
1385,1000682,2026-05-04 21:52:00,branch,close_account,True,-0.21
1386,1000682,2026-04-28 14:17:00,branch,service,True,-0.61
1387,1000683,2026-06-14 16:36:00,branch,service,False,-0.07
1388,1000683,2026-06-26 10:27:00,email,other,False,-0.14
1389,1000683,2026-09-01 22:55:00,branch,rates,False,0.17
1390,1000684,2026-08-20 17:58:00,email,service,False,0.39
1391,1000684,2026-08-23 02:08:00,chat,service,False,0.53
1392,1000687,2026-08-02 14:47:00,branch,rates,False,0.34
1393,1000688,2026-07-10 13:37:00,call,rates,False,-0.7
1394,1000688,2026-06-08 15:24:00,email,service,True,-0.25
1395,1000688,2026-04-22 20:46:00,branch,rates,True,-0.98
1396,1000688,2026-07-04 19:34:00,email,close_account,True,-0.99
1397,1000688,2026-09-25 22:30:00,email,close_account,True,-0.25
1398,1000688,2026-07-12 09:43:00,chat,service,True,-0.59
1399,1000688,2026-05-11 12:56:00,email,close_account,True,-0.57
1400,1000688,2026-06-23 07:54:00,call,rates,True,-0.86
1401,1000689,2026-04-03 15:26:00,email,other,False,0.45
1402,1000690,2026-05-08 15:44:00,chat,rates,False,-0.04
1403,1000691,2026-08-11 06:25:00,chat,fees,False,0.55
1404,1000691,2026-06-11 06:56:00,email,service,False,-0.04
1405,1000691,2026-05-24 02:24:00,chat,service,False,-0.14
1406,1000692,2026-08-16 22:42:00,call,fees,False,0.61
1407,1000692,2026-06-19 08:15:00,email,service,False,0.3
1408,1000692,2026-07-01 18:40:00,branch,rates,False,0.96
1409,1000695,2026-04-12 21:32:00,chat,other,False,0.76
1410,1000695,2026-06-22 18:48:00,email,rates,False,0.88
1411,1000695,2026-07-06 16:24:00,email,service,False,-0.04
1412,1000696,2026-09-10 17:56:00,call,other,False,0.14
1413,1000697,2026-05-09 20:24:00,email,rates,True,-0.85
1414,1000697,2026-06-06 00:56:00,call,rates,False,-0.27
1415,1000697,2026-09-15 00:18:00,chat,rates,False,-0.37
1416,1000697,2026-07-18 18:33:00,branch,close_account,False,-0.51
1417,1000697,2026-09-13 07:49:00,email,other,True,-0.63
1418,1000697,2026-06-06 11:01:00,branch,rates,False,-0.73
1419,1000697,2026-06-06 20:50:00,chat,close_account,True,-0.43
1420,1000697,2026-08-18 23:49:00,chat,service,False,-0.45
1421,1000699,2026-09-06 23:17:00,call,service,False,0.45
1422,1000700,2026-05-27 18:00:00,call,rates,False,-0.15
1423,1000700,2026-06-29 10:34:00,email,other,False,0.79
1424,1000700,2026-08-02 17:14:00,chat,fees,False,0.88
1425,1000702,2026-04-15 15:02:00,call,service,False,0.9
1426,1000702,2026-08-28 05:13:00,chat,service,False,-0.17
1427,1000702,2026-09-01 05:39:00,call,other,False,0.47
1428,1000703,2026-07-15 01:20:00,chat,other,False,0.84
1429,1000703,2026-07-30 00:02:00,chat,service,False,-0.03
1430,1000703,2026-05-18 05:30:00,branch,fees,False,0.44
1431,1000704,2026-04-04 06:19:00,call,close_account,False,-0.22
1432,1000704,2026-06-01 20:25:00,branch,other,True,-0.36
1433,1000704,2026-09-22 07:19:00,email,fees,True,-0.9
1434,1000704,2026-06-28 07:01:00,branch,service,True,-0.36
1435,1000704,2026-07-17 04:54:00,chat,other,False,-0.42
1436,1000704,2026-09-19 02:09:00,branch,fees,False,-0.55
1437,1000704,2026-08-31 05:11:00,chat,fees,False,-0.57
1438,1000705,2026-07-22 21:36:00,email,other,False,0.65
1439,1000705,2026-06-06 22:33:00,email,fees,False,0.89
1440,1000705,2026-05-11 00:04:00,branch,fees,False,-0.02
1441,1000706,2026-04-02 01:41:00,email,other,False,0.19
1442,1000707,2026-07-05 15:38:00,call,other,False,-0.96
1443,1000707,2026-04-20 13:17:00,email,fees,False,-0.95
1444,1000707,2026-09-23 11:49:00,call,fees,True,-0.38
1445,1000707,2026-05-26 17:01:00,email,rates,True,-0.71
1446,1000707,2026-09-03 14:32:00,branch,service,True,-0.48
1447,1000707,2026-09-05 11:45:00,chat,service,True,-0.82
1448,1000707,2026-09-01 12:49:00,call,fees,True,-0.86
1449,1000707,2026-07-19 06:28:00,chat,close_account,True,-0.67
1450,1000708,2026-07-13 17:42:00,call,close_account,False,0.88
1451,1000710,2026-06-14 15:36:00,call,fees,False,0.36
1452,1000710,2026-07-18 03:07:00,call,rates,False,0.6
1453,1000711,2026-04-27 22:09:00,email,other,False,0.26
1454,1000712,2026-06-25 01:10:00,email,other,False,0.17
1455,1000712,2026-07-04 03:02:00,branch,service,False,0.85
1456,1000712,2026-08-28 10:30:00,chat,service,False,0.29
1457,1000713,2026-07-21 21:10:00,email,fees,False,0.59
1458,1000713,2026-06-17 15:54:00,branch,service,False,0.5
1459,1000714,2026-09-08 03:16:00,branch,service,False,0.38
1460,1000715,2026-05-28 03:05:00,branch,service,True,-0.26
1461,1000715,2026-04-11 23:34:00,branch,rates,False,-0.51
1462,1000715,2026-09-19 18:06:00,email,fees,False,-0.21
1463,1000715,2026-04-30 03:35:00,call,service,False,-0.52
1464,1000715,2026-04-18 14:44:00,email,close_account,True,-0.88
1465,1000716,2026-04-22 15:26:00,call,rates,False,0.61
1466,1000716,2026-07-03 14:05:00,email,fees,False,0.56
1467,1000717,2026-06-25 20:13:00,email,fees,False,0.84
1468,1000718,2026-04-08 06:59:00,email,rates,False,0.62
1469,1000718,2026-08-19 15:23:00,chat,rates,False,0.06
1470,1000718,2026-08-16 10:50:00,call,rates,False,0.02
1471,1000719,2026-07-02 18:07:00,branch,other,False,0.77
1472,1000719,2026-06-17 08:54:00,branch,fees,False,0.93
1473,1000719,2026-05-04 09:31:00,branch,other,False,-0.05
1474,1000720,2026-07-29 16:58:00,email,service,False,0.57
1475,1000721,2026-08-21 22:38:00,email,service,False,0.12
1476,1000721,2026-05-13 10:17:00,call,other,False,0.06
1477,1000721,2026-08-21 10:20:00,chat,other,False,0.43
1478,1000722,2026-06-08 03:44:00,branch,service,False,0.62
1479,1000722,2026-04-18 00:52:00,branch,other,False,-0.15
1480,1000722,2026-06-10 05:55:00,chat,service,False,0.68
1481,1000723,2026-09-09 03:21:00,email,service,False,0.32
1482,1000723,2026-05-11 01:27:00,email,fees,False,-0.01
1483,1000723,2026-04-28 03:06:00,email,service,False,0.29
1484,1000725,2026-06-17 01:34:00,email,fees,False,-0.22
1485,1000725,2026-09-20 18:50:00,branch,fees,False,-0.34
1486,1000725,2026-08-18 05:46:00,call,close_account,True,-0.47
1487,1000725,2026-05-22 15:23:00,chat,close_account,True,-0.42
1488,1000726,2026-05-29 17:39:00,call,rates,False,0.23
1489,1000726,2026-08-31 00:36:00,chat,service,False,0.16
1490,1000726,2026-04-21 10:53:00,branch,fees,False,-0.26
1491,1000727,2026-07-30 14:05:00,branch,rates,False,-0.14
1492,1000730,2026-09-03 07:37:00,call,service,False,0.46
1493,1000730,2026-06-30 12:54:00,call,service,False,0.88
1494,1000731,2026-08-06 17:49:00,chat,service,False,0.71
1495,1000731,2026-07-24 22:31:00,call,service,False,0.76
1496,1000732,2026-09-02 14:28:00,email,other,False,0.14
1497,1000732,2026-09-14 22:25:00,branch,service,False,-0.05
1498,1000733,2026-09-10 16:53:00,chat,other,False,-0.22
1499,1000733,2026-05-25 00:02:00,branch,service,False,0.02
1500,1000733,2026-08-08 04:22:00,email,rates,False,-0.22
1501,1000735,2026-07-27 10:49:00,email,rates,False,0.5
1502,1000736,2026-06-17 00:46:00,call,fees,False,0.57
1503,1000736,2026-07-09 21:25:00,chat,service,False,0.49
1504,1000737,2026-07-13 12:02:00,call,service,False,-0.04
1505,1000737,2026-07-22 07:49:00,branch,other,False,0.28
1506,1000738,2026-04-06 22:29:00,email,other,False,0.9
1507,1000739,2026-05-17 22:54:00,chat,rates,False,0.69
1508,1000739,2026-06-25 04:15:00,branch,rates,False,0.78
1509,1000739,2026-04-25 02:51:00,branch,rates,False,-0.3
1510,1000740,2026-07-03 15:41:00,chat,other,False,0.93
1511,1000740,2026-09-19 16:54:00,email,rates,False,-0.17
1512,1000741,2026-06-26 07:32:00,chat,service,True,-0.21
1513,1000741,2026-09-01 22:51:00,email,fees,False,-0.35
1514,1000741,2026-07-23 23:05:00,email,fees,False,-0.38
1515,1000741,2026-05-14 05:38:00,call,service,False,-0.57
1516,1000741,2026-08-17 03:48:00,chat,other,True,-0.84
1517,1000741,2026-05-31 23:49:00,chat,fees,True,-0.37
1518,1000741,2026-05-29 12:34:00,branch,fees,False,-0.96
1519,1000741,2026-07-26 01:21:00,chat,close_account,True,-0.69
1520,1000742,2026-07-04 15:59:00,branch,fees,False,0.19
1521,1000742,2026-04-23 17:33:00,branch,service,False,0.41
1522,1000743,2026-04-09 21:41:00,call,other,False,-0.04
1523,1000744,2026-05-07 08:43:00,branch,service,False,0.29
1524,1000745,2026-07-08 06:25:00,email,rates,False,0.06
1525,1000746,2026-04-12 15:44:00,chat,service,False,-0.72
1526,1000746,2026-07-03 14:59:00,call,fees,True,-0.88
1527,1000746,2026-06-22 10:42:00,chat,fees,True,-0.8
1528,1000746,2026-08-15 00:41:00,email,service,False,-0.47
1529,1000746,2026-08-04 09:57:00,chat,fees,True,-0.76
1530,1000746,2026-09-09 10:32:00,chat,other,False,-0.43
1531,1000746,2026-07-09 13:55:00,email,service,False,-0.88
1532,1000747,2026-08-07 10:58:00,email,rates,False,-0.02
1533,1000748,2026-08-25 23:27:00,branch,rates,False,0.6
1534,1000749,2026-07-02 12:35:00,email,fees,False,-0.6
1535,1000749,2026-04-18 16:29:00,email,close_account,False,-0.63
1536,1000749,2026-08-04 03:12:00,call,rates,True,-0.65
1537,1000749,2026-07-21 16:57:00,branch,close_account,True,-0.93
1538,1000751,2026-07-16 09:28:00,email,other,False,0.37
1539,1000753,2026-04-01 01:34:00,chat,other,False,0.82
1540,1000753,2026-09-03 18:04:00,branch,other,False,0.19
1541,1000754,2026-05-11 18:27:00,call,other,False,0.89
1542,1000755,2026-07-06 16:47:00,email,fees,False,-0.91
1543,1000755,2026-04-24 09:50:00,call,close_account,True,-0.35
1544,1000755,2026-04-09 07:40:00,branch,other,True,-0.82
1545,1000755,2026-08-22 08:22:00,call,rates,True,-0.79
1546,1000755,2026-09-06 23:27:00,chat,other,False,-0.89
1547,1000756,2026-06-09 12:32:00,email,fees,False,0.09
1548,1000756,2026-07-09 14:36:00,chat,other,False,0.07
1549,1000756,2026-08-26 10:13:00,call,other,False,0.48
1550,1000757,2026-07-01 05:28:00,email,rates,False,0.11
1551,1000757,2026-04-11 10:43:00,branch,fees,False,0.32
1552,1000759,2026-06-22 18:08:00,chat,other,False,-0.1
1553,1000759,2026-04-26 15:41:00,email,fees,False,0.9
1554,1000761,2026-04-09 23:29:00,branch,service,False,-0.29
1555,1000762,2026-06-23 07:57:00,chat,other,False,-0.23
1556,1000762,2026-04-06 02:48:00,branch,fees,False,0.2
1557,1000762,2026-09-09 17:04:00,email,service,False,0.57
1558,1000764,2026-07-18 15:19:00,call,other,False,0.32
1559,1000767,2026-09-26 15:28:00,email,other,False,0.13
1560,1000768,2026-04-05 15:43:00,email,other,False,0.06
1561,1000768,2026-04-13 10:37:00,chat,service,False,-0.04
1562,1000769,2026-07-30 05:40:00,branch,service,False,0.64
1563,1000769,2026-06-07 08:20:00,email,fees,False,0.66
1564,1000770,2026-06-07 10:02:00,chat,other,False,-0.15
1565,1000771,2026-05-23 01:31:00,call,rates,False,0.75
1566,1000771,2026-05-23 21:30:00,call,rates,False,0.96
1567,1000772,2026-05-18 18:20:00,email,service,True,-0.56
1568,1000772,2026-05-29 00:51:00,email,close_account,True,-0.75
1569,1000772,2026-09-07 20:46:00,email,other,False,-0.94
1570,1000772,2026-05-17 06:16:00,email,fees,True,-0.57
1571,1000772,2026-05-10 19:13:00,branch,close_account,False,-0.39
1572,1000772,2026-05-22 21:10:00,chat,fees,False,-0.96
1573,1000772,2026-05-29 10:21:00,chat,other,True,-0.41
1574,1000772,2026-06-24 05:19:00,chat,service,False,-0.75
1575,1000774,2026-07-12 14:10:00,call,service,False,0.18
1576,1000774,2026-08-26 08:32:00,chat,service,False,0.66
1577,1000775,2026-08-27 09:02:00,branch,service,False,-0.06
1578,1000775,2026-05-17 12:15:00,chat,fees,False,0.3
1579,1000775,2026-07-26 16:19:00,call,service,False,0.64
1580,1000776,2026-04-07 01:06:00,email,rates,False,-0.84
1581,1000776,2026-07-15 13:44:00,call,other,True,-0.26
1582,1000776,2026-06-07 13:36:00,email,fees,True,-0.91
1583,1000776,2026-04-08 14:16:00,email,service,True,-0.8
1584,1000776,2026-04-16 11:31:00,branch,other,True,-0.74
1585,1000776,2026-09-23 02:22:00,call,close_account,False,-0.32
1586,1000776,2026-05-08 06:52:00,chat,close_account,True,-0.94
1587,1000777,2026-07-15 05:28:00,call,other,False,0.02
1588,1000777,2026-09-05 02:27:00,chat,fees,False,0.72
1589,1000779,2026-08-21 11:46:00,chat,other,False,-0.19
1590,1000779,2026-04-05 01:00:00,call,service,False,-0.03
1591,1000779,2026-08-07 12:41:00,call,service,False,-0.01
1592,1000780,2026-06-08 16:17:00,chat,other,False,0.21
1593,1000780,2026-05-21 09:21:00,call,fees,False,0.31
1594,1000780,2026-05-10 20:21:00,chat,fees,False,-0.01
1595,1000781,2026-07-12 00:35:00,chat,service,False,0.41
1596,1000781,2026-09-20 07:13:00,chat,rates,False,-0.22
1597,1000781,2026-09-09 10:07:00,call,rates,False,0.85
1598,1000782,2026-05-28 21:08:00,email,rates,False,-0.1
1599,1000783,2026-04-20 13:27:00,branch,rates,False,0.79
1600,1000783,2026-08-07 15:21:00,chat,fees,False,0.32
1601,1000788,2026-08-29 02:35:00,branch,fees,False,0.43
1602,1000789,2026-04-25 15:26:00,chat,service,False,0.66
1603,1000789,2026-07-15 23:00:00,branch,rates,False,0.52
1604,1000789,2026-06-06 10:40:00,call,service,False,0.38
1605,1000790,2026-06-20 08:15:00,call,other,False,0.74
1606,1000792,2026-07-08 17:13:00,chat,service,False,-0.86
1607,1000792,2026-09-21 23:14:00,branch,rates,True,-0.41
1608,1000792,2026-09-09 13:34:00,chat,service,False,-0.67
1609,1000792,2026-05-27 13:23:00,chat,close_account,True,-0.56
1610,1000792,2026-05-30 04:23:00,chat,fees,False,-0.26
1611,1000794,2026-07-31 20:06:00,email,service,False,-0.03
1612,1000795,2026-05-01 16:21:00,chat,service,False,0.47
1613,1000797,2026-08-01 14:15:00,call,fees,False,-0.07
1614,1000797,2026-08-10 07:06:00,call,other,False,0.5
1615,1000797,2026-04-25 01:55:00,call,service,False,-0.03
1616,1000798,2026-08-28 00:07:00,chat,service,False,0.7
1617,1000799,2026-06-14 23:15:00,chat,fees,False,0.61
1618,1000799,2026-07-03 10:16:00,call,rates,False,0.24
1619,1000800,2026-06-14 22:10:00,chat,service,False,0.63
1620,1000800,2026-07-27 20:23:00,call,service,False,0.76
1621,1000801,2026-07-03 23:52:00,email,service,False,-0.25
1622,1000801,2026-05-14 09:34:00,branch,service,False,-0.11
1623,1000801,2026-08-24 00:07:00,call,service,False,0.89
1624,1000802,2026-06-09 21:44:00,chat,service,False,-0.08
1625,1000803,2026-08-08 05:30:00,call,service,False,0.68
1626,1000803,2026-06-14 02:57:00,call,fees,False,0.37
1627,1000803,2026-09-17 08:06:00,email,fees,False,0.46
1628,1000804,2026-05-03 11:00:00,branch,other,False,0.18
1629,1000804,2026-06-17 20:02:00,call,service,False,-0.24
1630,1000804,2026-09-13 23:05:00,branch,rates,False,0.64
1631,1000806,2026-05-18 13:39:00,call,service,False,-0.09
1632,1000806,2026-09-07 23:49:00,chat,service,False,-0.11
1633,1000806,2026-04-07 19:47:00,email,service,False,0.63
1634,1000810,2026-04-21 13:56:00,branch,fees,True,-0.39
1635,1000810,2026-05-07 00:39:00,email,fees,False,-0.4
1636,1000810,2026-05-28 01:48:00,chat,rates,True,-0.25
1637,1000810,2026-04-26 13:14:00,chat,rates,True,-0.62
1638,1000810,2026-04-18 04:49:00,branch,service,True,-0.86
1639,1000810,2026-07-14 21:23:00,branch,service,True,-0.3
1640,1000811,2026-07-30 08:29:00,call,rates,False,0.88
1641,1000811,2026-09-19 07:44:00,branch,rates,False,0.0
1642,1000811,2026-07-31 17:43:00,chat,rates,False,0.42
1643,1000812,2026-08-26 15:49:00,email,fees,False,0.96
1644,1000812,2026-07-22 06:09:00,chat,service,False,-0.07
1645,1000812,2026-04-25 08:02:00,chat,service,False,0.92
1646,1000813,2026-06-25 10:43:00,call,other,False,0.77
1647,1000813,2026-08-22 18:26:00,branch,other,False,0.51
1648,1000815,2026-07-04 18:37:00,email,rates,False,-0.06
1649,1000815,2026-06-26 13:32:00,call,other,False,0.17
1650,1000815,2026-06-26 15:12:00,branch,service,False,0.01
1651,1000816,2026-08-19 22:58:00,chat,fees,False,0.23
1652,1000816,2026-08-22 16:26:00,call,service,False,-0.28
1653,1000817,2026-05-24 14:57:00,call,service,True,-0.44
1654,1000817,2026-05-12 19:32:00,chat,fees,True,-0.35
1655,1000817,2026-08-24 19:38:00,branch,rates,True,-0.35
1656,1000817,2026-08-09 07:01:00,call,fees,False,-0.7
1657,1000817,2026-08-11 11:32:00,call,other,True,-0.51
1658,1000817,2026-09-02 03:51:00,chat,fees,True,-0.71
1659,1000818,2026-05-23 02:50:00,branch,fees,False,0.8
1660,1000818,2026-08-23 14:20:00,branch,rates,False,0.08
1661,1000820,2026-04-10 23:39:00,branch,fees,True,-0.22
1662,1000820,2026-04-15 15:32:00,branch,service,True,-0.95
1663,1000820,2026-08-13 13:14:00,email,rates,False,-0.58
1664,1000820,2026-06-08 21:12:00,call,service,False,-0.38
1665,1000820,2026-07-08 06:33:00,chat,close_account,False,-0.62
1666,1000820,2026-04-23 03:40:00,branch,other,True,-1.0
1667,1000820,2026-05-24 17:42:00,chat,service,True,-0.82
1668,1000822,2026-09-06 18:56:00,call,rates,False,0.43
1669,1000822,2026-09-09 05:20:00,branch,other,False,0.2
1670,1000822,2026-05-17 11:36:00,chat,fees,False,0.02
1671,1000823,2026-07-29 15:30:00,email,rates,False,0.88
1672,1000823,2026-08-07 05:23:00,call,other,False,0.96
1673,1000825,2026-09-16 08:59:00,branch,service,False,0.9
1674,1000825,2026-07-05 01:02:00,branch,rates,False,0.64
1675,1000825,2026-09-18 16:28:00,chat,rates,False,0.88
1676,1000826,2026-07-02 08:30:00,email,service,False,-0.71
1677,1000826,2026-08-10 11:51:00,email,service,True,-0.63
1678,1000826,2026-09-20 04:18:00,call,service,True,-0.76
1679,1000826,2026-06-21 21:27:00,branch,close_account,False,-0.41
1680,1000826,2026-05-21 08:44:00,call,rates,True,-0.94
1681,1000826,2026-08-06 15:26:00,branch,fees,False,-0.9
1682,1000826,2026-08-23 15:45:00,email,other,True,-0.68
1683,1000827,2026-07-14 21:05:00,email,rates,False,0.62
1684,1000828,2026-04-06 03:13:00,branch,fees,False,0.54
1685,1000828,2026-05-30 22:22:00,call,fees,False,0.16
1686,1000829,2026-04-18 15:04:00,call,other,False,0.38
1687,1000830,2026-04-30 11:03:00,branch,service,False,0.79
1688,1000830,2026-05-25 10:52:00,call,other,False,-0.2
1689,1000831,2026-06-27 22:08:00,email,rates,False,0.02
1690,1000831,2026-09-19 14:40:00,chat,service,False,0.73
1691,1000832,2026-04-18 09:37:00,chat,fees,True,-0.42
1692,1000832,2026-05-14 02:46:00,chat,rates,False,-0.59
1693,1000832,2026-07-27 19:16:00,email,other,True,-0.2
1694,1000832,2026-08-02 02:31:00,call,service,True,-0.83
1695,1000832,2026-07-01 09:58:00,branch,close_account,True,-0.4
1696,1000833,2026-06-05 20:53:00,chat,rates,True,-0.97
1697,1000833,2026-09-10 06:54:00,call,service,False,-0.71
1698,1000833,2026-06-21 21:51:00,email,fees,False,-0.6
1699,1000833,2026-06-04 11:01:00,call,rates,True,-0.3
1700,1000833,2026-06-24 04:30:00,email,close_account,False,-0.89
1701,1000835,2026-06-09 04:23:00,branch,other,False,0.34
1702,1000835,2026-08-14 23:51:00,chat,service,False,0.21
1703,1000836,2026-09-16 13:55:00,email,close_account,False,-0.4
1704,1000836,2026-08-20 21:04:00,branch,close_account,True,-0.55
1705,1000836,2026-08-19 07:12:00,call,fees,True,-0.65
1706,1000836,2026-06-16 01:06:00,branch,rates,True,-0.74
1707,1000836,2026-09-19 19:05:00,email,rates,True,-0.99
1708,1000836,2026-05-05 12:43:00,branch,fees,True,-0.96
1709,1000838,2026-05-07 18:14:00,email,service,False,0.04
1710,1000838,2026-08-17 08:52:00,branch,rates,False,0.43
1711,1000839,2026-07-24 06:28:00,branch,fees,False,-0.16
1712,1000839,2026-04-01 09:06:00,chat,rates,False,0.07
1713,1000839,2026-07-21 21:23:00,chat,other,False,0.51
1714,1000840,2026-09-10 02:45:00,call,service,False,0.49
1715,1000842,2026-05-20 12:54:00,chat,other,False,0.2
1716,1000842,2026-09-14 22:24:00,email,rates,False,0.91
1717,1000842,2026-06-03 17:07:00,email,service,False,0.48
1718,1000843,2026-04-28 22:04:00,branch,fees,False,0.4
1719,1000843,2026-04-03 11:07:00,chat,close_account,False,0.41
1720,1000844,2026-09-05 01:11:00,call,fees,False,0.17
1721,1000844,2026-04-17 06:56:00,chat,rates,False,0.1
1722,1000844,2026-08-06 23:38:00,branch,other,False,0.94
1723,1000845,2026-09-09 23:18:00,call,other,False,0.53
1724,1000845,2026-05-08 12:08:00,call,service,False,0.01
1725,1000846,2026-07-10 01:32:00,branch,rates,False,-0.72
1726,1000846,2026-09-14 16:18:00,chat,fees,True,-0.42
1727,1000846,2026-08-27 13:04:00,call,rates,True,-0.22
1728,1000847,2026-07-06 16:35:00,chat,fees,False,0.55
1729,1000847,2026-05-27 06:03:00,chat,rates,False,-0.18
1730,1000848,2026-08-26 05:00:00,call,other,False,0.03
1731,1000848,2026-04-29 20:32:00,call,other,False,0.69
1732,1000848,2026-05-04 13:34:00,branch,rates,False,-0.27
1733,1000849,2026-05-07 20:33:00,call,service,False,0.75
1734,1000849,2026-08-24 21:34:00,chat,rates,False,-0.29
1735,1000850,2026-08-21 04:02:00,call,other,False,0.42
1736,1000851,2026-09-08 17:07:00,call,other,False,-0.13
1737,1000851,2026-04-16 17:37:00,email,other,False,0.52
1738,1000853,2026-04-13 21:41:00,branch,service,False,0.5
1739,1000854,2026-08-17 10:43:00,email,fees,False,-0.23
1740,1000854,2026-05-09 07:43:00,email,service,False,0.35
1741,1000855,2026-06-09 00:01:00,call,fees,False,-0.01
1742,1000855,2026-07-01 03:45:00,chat,rates,False,0.13
1743,1000856,2026-08-18 10:26:00,email,other,False,-0.04
1744,1000856,2026-09-02 04:56:00,email,service,False,0.58
1745,1000856,2026-08-10 12:53:00,email,fees,False,0.19
1746,1000858,2026-06-04 22:18:00,branch,other,False,0.22
1747,1000858,2026-05-20 12:04:00,email,other,False,0.67
1748,1000858,2026-09-20 12:18:00,call,fees,False,0.91
1749,1000859,2026-08-20 05:30:00,chat,service,False,0.01
1750,1000859,2026-05-03 08:17:00,call,other,False,0.36
1751,1000859,2026-09-11 23:00:00,chat,service,False,-0.27
1752,1000860,2026-08-13 12:18:00,email,rates,False,-0.05
1753,1000860,2026-05-24 15:26:00,chat,other,False,0.31
1754,1000860,2026-04-10 08:14:00,chat,other,False,-0.02
1755,1000862,2026-08-09 11:07:00,email,other,False,-0.19
1756,1000863,2026-08-13 09:54:00,call,service,False,0.7
1757,1000863,2026-04-29 18:43:00,branch,other,False,0.6
1758,1000864,2026-05-17 19:21:00,branch,rates,False,-0.29
1759,1000864,2026-09-12 01:22:00,branch,service,False,0.83
1760,1000864,2026-06-24 13:40:00,branch,other,False,0.57
1761,1000866,2026-06-09 08:29:00,chat,other,False,-0.24
1762,1000867,2026-07-27 02:00:00,call,other,False,0.99
1763,1000868,2026-08-16 06:15:00,branch,other,False,0.68
1764,1000870,2026-08-19 23:22:00,chat,rates,False,0.94
1765,1000870,2026-05-07 22:11:00,email,other,False,-0.3
1766,1000870,2026-09-10 12:30:00,chat,other,False,-0.25
1767,1000871,2026-05-17 19:25:00,email,fees,False,0.83
1768,1000871,2026-09-06 11:35:00,call,other,False,0.45
1769,1000872,2026-05-10 15:42:00,branch,rates,False,-0.64
1770,1000872,2026-09-15 19:41:00,chat,fees,True,-0.77
1771,1000872,2026-04-20 05:57:00,chat,rates,False,-0.77
1772,1000872,2026-08-28 05:01:00,branch,close_account,True,-0.4
1773,1000872,2026-09-03 04:09:00,email,fees,False,-0.82
1774,1000872,2026-09-27 22:51:00,chat,rates,True,-0.24
1775,1000872,2026-08-09 13:43:00,email,service,False,-0.98
1776,1000872,2026-07-26 12:46:00,branch,rates,True,-0.63
1777,1000874,2026-04-24 03:29:00,chat,other,False,0.51
1778,1000874,2026-04-18 09:29:00,chat,service,False,0.75
1779,1000874,2026-09-04 14:06:00,call,service,False,0.76
1780,1000875,2026-05-17 13:21:00,chat,rates,False,-0.29
1781,1000875,2026-07-07 01:02:00,branch,service,False,-0.2
1782,1000876,2026-08-11 21:12:00,call,service,False,-0.08
1783,1000876,2026-07-30 22:24:00,chat,service,False,0.32
1784,1000877,2026-06-18 22:11:00,branch,service,False,0.47
1785,1000877,2026-06-07 06:36:00,email,other,False,0.66
1786,1000877,2026-06-30 21:55:00,branch,service,False,0.98
1787,1000878,2026-05-19 16:19:00,chat,rates,False,0.08
1788,1000878,2026-07-29 14:43:00,email,service,False,0.61
1789,1000878,2026-05-09 22:33:00,call,fees,False,0.28
1790,1000879,2026-07-02 17:09:00,call,fees,False,0.9
1791,1000879,2026-08-01 01:21:00,email,other,False,0.67
1792,1000879,2026-06-22 07:37:00,email,fees,False,0.41
1793,1000880,2026-09-20 05:18:00,email,other,False,0.19
1794,1000880,2026-07-05 05:08:00,branch,service,False,0.48
1795,1000881,2026-08-28 14:54:00,branch,service,False,0.74
1796,1000881,2026-08-20 20:34:00,branch,service,False,0.54
1797,1000882,2026-04-19 00:52:00,email,other,False,0.69
1798,1000883,2026-07-01 02:29:00,branch,service,False,-0.97
1799,1000883,2026-08-27 00:26:00,email,rates,True,-0.99
1800,1000883,2026-07-24 08:37:00,email,other,False,-0.43
1801,1000883,2026-08-24 08:49:00,branch,service,False,-0.57
1802,1000883,2026-05-25 01:24:00,email,rates,False,-0.91
1803,1000884,2026-07-30 14:28:00,email,rates,False,0.68
1804,1000885,2026-06-13 09:02:00,chat,rates,False,0.21
1805,1000885,2026-06-23 18:40:00,email,other,False,0.25
1806,1000886,2026-05-18 12:22:00,branch,other,True,-0.82
1807,1000886,2026-09-27 12:37:00,email,fees,False,-0.32
1808,1000886,2026-04-28 00:01:00,call,rates,False,-0.73
1809,1000886,2026-05-05 20:54:00,chat,fees,False,-1.0
1810,1000886,2026-07-09 13:10:00,email,rates,True,-0.6
1811,1000887,2026-07-11 18:03:00,email,rates,False,0.98
1812,1000888,2026-05-22 05:00:00,chat,fees,False,-0.29
1813,1000889,2026-08-20 03:03:00,email,other,False,-0.03
1814,1000889,2026-05-08 13:51:00,email,other,False,0.37
1815,1000890,2026-04-24 02:23:00,email,service,False,0.5
1816,1000891,2026-04-10 20:10:00,email,rates,False,0.26
1817,1000891,2026-09-23 02:31:00,call,service,False,0.04
1818,1000891,2026-07-03 01:13:00,email,other,False,0.81
1819,1000892,2026-09-25 09:06:00,call,rates,False,1.0
1820,1000892,2026-06-03 01:14:00,email,fees,False,0.04
1821,1000895,2026-04-03 17:59:00,chat,other,False,0.13
1822,1000895,2026-08-21 05:17:00,email,service,False,0.37
1823,1000895,2026-06-01 20:25:00,chat,service,False,-0.28
1824,1000897,2026-05-07 17:14:00,call,other,False,0.1
1825,1000897,2026-09-16 01:06:00,call,service,False,0.38
1826,1000897,2026-05-21 16:23:00,call,service,False,0.13
1827,1000898,2026-04-18 13:14:00,chat,service,False,-0.02
1828,1000898,2026-05-23 06:02:00,email,fees,False,-0.03
1829,1000899,2026-06-03 18:21:00,call,service,False,0.89
1830,1000900,2026-05-19 08:05:00,chat,service,False,0.99
1831,1000900,2026-05-17 16:25:00,call,other,False,0.94
1832,1000901,2026-09-05 22:32:00,call,service,False,0.99
1833,1000901,2026-06-25 09:44:00,branch,service,False,0.22
1834,1000901,2026-05-27 10:38:00,call,service,False,-0.22
1835,1000902,2026-05-12 22:39:00,branch,service,False,0.2
1836,1000903,2026-04-01 05:18:00,email,service,False,0.62
1837,1000904,2026-05-12 12:02:00,chat,fees,False,-0.34
1838,1000904,2026-09-19 04:25:00,email,rates,False,-0.5
1839,1000904,2026-04-25 00:04:00,email,fees,False,-0.67
1840,1000904,2026-06-27 23:18:00,branch,fees,False,-0.44
1841,1000904,2026-07-03 00:53:00,chat,fees,False,-0.21
1842,1000904,2026-07-18 16:28:00,chat,rates,True,-0.44
1843,1000905,2026-05-12 05:38:00,email,other,False,0.32
1844,1000905,2026-07-31 13:42:00,chat,rates,False,0.26
1845,1000905,2026-08-19 07:29:00,chat,other,False,-0.18
1846,1000906,2026-05-28 00:23:00,chat,service,False,0.81
1847,1000906,2026-06-23 16:31:00,email,fees,False,0.11
1848,1000907,2026-06-27 05:13:00,email,fees,False,-0.83
1849,1000907,2026-05-31 21:42:00,branch,close_account,True,-0.5
1850,1000907,2026-07-29 17:32:00,call,service,False,-0.83
1851,1000907,2026-05-26 01:57:00,branch,fees,True,-0.3
1852,1000907,2026-08-26 08:36:00,branch,fees,False,-0.71
1853,1000907,2026-09-27 22:19:00,call,rates,True,-0.66
1854,1000907,2026-08-25 06:30:00,chat,fees,True,-0.94
1855,1000908,2026-06-17 05:59:00,branch,other,False,0.13
1856,1000908,2026-05-23 23:44:00,email,service,False,0.74
1857,1000908,2026-06-16 11:57:00,email,other,False,0.74
1858,1000909,2026-09-25 14:37:00,email,fees,False,0.74
1859,1000910,2026-07-12 22:50:00,chat,other,False,0.71
1860,1000911,2026-05-09 23:16:00,email,other,False,0.28
1861,1000911,2026-07-17 13:41:00,call,service,False,0.09
1862,1000912,2026-06-27 20:42:00,branch,service,False,0.23
1863,1000913,2026-09-24 07:16:00,chat,close_account,False,0.19
1864,1000913,2026-08-28 04:19:00,call,fees,False,0.77
1865,1000913,2026-05-03 18:58:00,email,rates,False,0.65
1866,1000914,2026-05-26 04:23:00,chat,fees,False,0.1
1867,1000914,2026-06-23 23:20:00,chat,fees,False,0.7
1868,1000915,2026-08-12 08:43:00,branch,fees,False,-0.07
1869,1000920,2026-05-20 22:43:00,branch,other,False,0.75
1870,1000920,2026-08-26 05:12:00,email,fees,False,0.91
1871,1000921,2026-07-12 02:23:00,branch,fees,False,0.96
1872,1000921,2026-07-27 21:10:00,call,fees,False,-0.21
1873,1000921,2026-06-30 22:07:00,email,other,False,-0.09
1874,1000922,2026-07-03 02:01:00,email,service,False,-0.2
1875,1000922,2026-07-28 23:10:00,chat,other,False,0.04
1876,1000923,2026-05-24 00:44:00,email,other,False,-0.29
1877,1000923,2026-05-11 16:30:00,chat,rates,False,0.29
1878,1000925,2026-04-25 19:19:00,branch,other,False,0.41
1879,1000926,2026-07-13 20:12:00,chat,service,False,0.59
1880,1000927,2026-04-21 00:27:00,chat,rates,False,-0.0
1881,1000928,2026-06-07 10:44:00,email,rates,False,0.93
1882,1000929,2026-06-17 02:06:00,call,fees,False,-0.11
1883,1000929,2026-04-27 06:55:00,branch,other,False,-0.26
1884,1000929,2026-09-26 17:10:00,branch,service,False,0.72
1885,1000932,2026-09-01 17:14:00,email,other,False,-0.45
1886,1000932,2026-06-12 12:55:00,chat,close_account,True,-0.94
1887,1000932,2026-09-21 08:29:00,email,service,False,-0.38
1888,1000932,2026-05-08 09:10:00,branch,service,True,-0.9
1889,1000932,2026-08-29 20:45:00,email,service,True,-0.38
1890,1000932,2026-06-14 20:11:00,email,close_account,True,-0.52
1891,1000932,2026-05-03 18:39:00,chat,service,True,-0.22
1892,1000933,2026-07-30 21:10:00,branch,fees,False,0.96
1893,1000933,2026-04-22 22:50:00,email,other,False,0.91
1894,1000933,2026-07-30 19:54:00,email,fees,False,1.0
1895,1000934,2026-05-20 09:15:00,call,service,False,-0.17
1896,1000934,2026-05-03 12:45:00,call,fees,False,-0.04
1897,1000937,2026-06-16 18:36:00,email,service,False,0.73
1898,1000938,2026-07-25 21:33:00,chat,rates,False,0.04
1899,1000939,2026-07-18 06:38:00,chat,close_account,False,-0.24
1900,1000939,2026-08-07 01:03:00,branch,other,False,-0.71
1901,1000939,2026-07-28 13:02:00,chat,fees,True,-0.82
1902,1000939,2026-07-11 12:47:00,branch,close_account,True,-0.37
1903,1000939,2026-06-23 23:23:00,branch,fees,True,-0.68
1904,1000939,2026-08-17 16:14:00,chat,rates,True,-0.66
1905,1000939,2026-09-17 09:24:00,email,fees,True,-0.3
1906,1000939,2026-09-15 22:46:00,email,other,False,-0.88
1907,1000941,2026-07-25 19:36:00,branch,service,True,-0.79
1908,1000941,2026-09-26 03:40:00,email,fees,True,-0.98
1909,1000941,2026-09-24 19:23:00,chat,close_account,False,-0.79
1910,1000941,2026-08-13 01:14:00,chat,close_account,True,-0.88
1911,1000942,2026-06-29 18:41:00,email,rates,False,-0.22
1912,1000942,2026-09-24 05:06:00,branch,other,False,-0.2
1913,1000942,2026-08-20 06:39:00,email,service,False,0.23
1914,1000943,2026-07-07 04:11:00,chat,rates,False,0.12
1915,1000944,2026-08-03 00:15:00,branch,fees,False,0.37
1916,1000944,2026-05-26 11:23:00,chat,fees,False,0.85
1917,1000945,2026-04-09 23:28:00,email,service,False,0.98
1918,1000945,2026-08-16 07:58:00,branch,close_account,False,-0.11
1919,1000946,2026-08-16 14:53:00,call,rates,False,0.85
1920,1000948,2026-08-19 23:58:00,branch,other,False,-0.27
1921,1000948,2026-09-10 13:34:00,email,rates,False,0.11
1922,1000949,2026-05-29 13:42:00,call,close_account,True,-0.66
1923,1000949,2026-06-10 17:54:00,call,close_account,True,-0.41
1924,1000949,2026-05-27 11:04:00,branch,service,False,-0.33
1925,1000949,2026-08-20 12:55:00,call,other,True,-0.25
1926,1000949,2026-07-31 22:58:00,email,service,True,-0.66
1927,1000949,2026-07-05 18:25:00,chat,fees,True,-0.24
1928,1000949,2026-07-11 23:08:00,branch,rates,False,-0.52
1929,1000949,2026-05-25 04:46:00,branch,rates,True,-0.96
1930,1000950,2026-06-08 03:25:00,call,service,False,0.53
1931,1000950,2026-09-23 22:56:00,branch,other,False,0.65
1932,1000951,2026-09-17 06:58:00,email,other,False,0.85
1933,1000951,2026-09-01 07:55:00,email,other,False,-0.03
1934,1000951,2026-09-11 21:19:00,call,service,False,0.46
1935,1000952,2026-07-28 01:10:00,branch,fees,False,-0.24
1936,1000952,2026-05-16 09:00:00,chat,fees,False,0.31
1937,1000952,2026-05-31 08:44:00,call,rates,False,0.84
1938,1000953,2026-07-11 05:40:00,chat,fees,False,0.65
1939,1000953,2026-08-27 05:49:00,branch,fees,False,0.17
1940,1000954,2026-09-18 10:01:00,chat,service,False,0.01
1941,1000956,2026-09-24 09:46:00,branch,other,False,0.72
1942,1000956,2026-09-13 16:32:00,call,service,False,0.44
1943,1000958,2026-04-26 06:01:00,branch,fees,True,-0.24
1944,1000958,2026-07-13 22:30:00,email,fees,False,-0.91
1945,1000958,2026-06-13 22:46:00,email,rates,True,-0.56
1946,1000958,2026-08-09 04:15:00,branch,fees,False,-0.43
1947,1000958,2026-06-02 12:31:00,call,other,True,-0.51
1948,1000958,2026-08-26 21:54:00,branch,service,True,-0.3
1949,1000959,2026-07-21 18:45:00,branch,close_account,False,0.25
1950,1000959,2026-09-18 17:33:00,chat,other,False,0.15
1951,1000959,2026-05-24 16:47:00,branch,service,False,0.59
1952,1000960,2026-04-08 03:27:00,call,other,False,0.21
1953,1000960,2026-07-13 03:37:00,email,service,False,0.88
1954,1000960,2026-08-09 13:33:00,chat,service,False,0.34
1955,1000961,2026-05-21 06:41:00,call,fees,True,-0.83
1956,1000961,2026-04-05 04:45:00,branch,fees,True,-0.76
1957,1000961,2026-05-26 17:48:00,branch,close_account,False,-0.32
1958,1000961,2026-06-24 17:14:00,branch,close_account,False,-0.99
1959,1000961,2026-09-23 09:38:00,call,other,True,-0.78
1960,1000961,2026-05-01 06:14:00,call,fees,True,-0.73
1961,1000961,2026-05-05 10:31:00,branch,fees,False,-0.48
1962,1000963,2026-04-29 03:10:00,email,other,False,0.71
1963,1000963,2026-05-13 05:19:00,email,fees,False,-0.22
1964,1000964,2026-09-13 17:55:00,call,service,False,-0.18
1965,1000964,2026-04-25 21:02:00,call,fees,False,0.53
1966,1000964,2026-07-13 10:10:00,chat,service,False,0.59
1967,1000968,2026-07-07 22:18:00,chat,fees,True,-0.98
1968,1000968,2026-09-05 16:15:00,chat,rates,True,-0.86
1969,1000968,2026-05-29 22:18:00,call,service,False,-0.68
1970,1000968,2026-07-26 17:56:00,call,service,True,-0.39
1971,1000971,2026-07-02 12:13:00,email,service,False,0.94
1972,1000971,2026-07-18 04:52:00,call,rates,False,0.09
1973,1000971,2026-04-30 01:14:00,chat,rates,False,0.44
1974,1000972,2026-04-25 04:43:00,chat,rates,False,0.14
1975,1000972,2026-09-06 15:08:00,call,other,False,-0.1
1976,1000974,2026-05-14 11:48:00,email,fees,False,-0.0
1977,1000974,2026-09-04 19:53:00,email,rates,False,0.47
1978,1000975,2026-06-16 15:14:00,chat,other,False,0.31
1979,1000975,2026-09-23 21:30:00,chat,rates,False,0.02
1980,1000977,2026-09-02 17:20:00,branch,service,True,-0.23
1981,1000977,2026-07-02 07:00:00,email,other,True,-0.43
1982,1000977,2026-06-10 01:34:00,chat,rates,True,-0.74
1983,1000977,2026-08-25 20:21:00,chat,other,False,-0.29
1984,1000978,2026-09-05 21:26:00,email,other,False,0.74
1985,1000978,2026-06-22 03:15:00,call,other,False,-0.3
1986,1000978,2026-08-21 04:46:00,call,rates,False,0.62
1987,1000979,2026-09-20 10:31:00,email,other,False,0.48
1988,1000980,2026-07-01 15:32:00,branch,other,False,-0.3
1989,1000980,2026-08-26 20:54:00,branch,other,False,-0.26
1990,1000980,2026-09-24 20:21:00,chat,other,False,-0.29
1991,1000981,2026-06-22 00:09:00,email,rates,False,-0.28
1992,1000982,2026-04-13 11:54:00,chat,fees,False,0.23
1993,1000983,2026-09-25 18:57:00,call,rates,False,0.14
1994,1000983,2026-08-08 05:36:00,email,rates,False,-0.07
1995,1000985,2026-05-10 05:39:00,call,service,False,0.03
1996,1000985,2026-07-04 07:51:00,call,service,False,0.67
1997,1000986,2026-05-15 06:49:00,email,fees,False,0.36
1998,1000986,2026-06-08 14:45:00,email,service,False,0.39
1999,1000986,2026-07-06 08:13:00,call,service,False,0.59
2000,1000987,2026-08-30 09:44:00,chat,fees,False,0.74
2001,1000987,2026-07-12 13:28:00,call,other,False,0.84
2002,1000987,2026-09-22 05:31:00,chat,rates,False,0.8
2003,1000988,2026-07-21 11:24:00,chat,other,False,0.64
2004,1000988,2026-06-04 06:30:00,email,rates,False,0.7
2005,1000988,2026-07-07 01:32:00,branch,fees,False,-0.22
2006,1000989,2026-07-05 08:34:00,chat,other,False,-0.06
2007,1000989,2026-09-02 21:23:00,email,fees,False,0.11
2008,1000990,2026-06-20 09:40:00,branch,fees,True,-0.85
2009,1000990,2026-04-19 22:52:00,chat,other,False,-0.28
2010,1000990,2026-05-25 14:19:00,email,fees,True,-0.79
2011,1000990,2026-08-03 01:38:00,call,service,True,-0.85
2012,1000990,2026-08-15 05:33:00,call,other,True,-0.27
2013,1000990,2026-07-11 10:08:00,chat,fees,True,-0.47
2014,1000991,2026-07-16 11:02:00,branch,other,False,0.0
2015,1000991,2026-08-21 09:12:00,call,service,False,-0.22
2016,1000992,2026-08-19 15:44:00,email,rates,False,0.99
2017,1000993,2026-04-12 10:46:00,call,service,False,-0.1
2018,1000993,2026-06-06 16:00:00,chat,service,False,0.68
2019,1000994,2026-09-19 16:49:00,branch,service,False,0.02
2020,1000995,2026-07-03 16:15:00,branch,rates,False,-0.0
2021,1000995,2026-04-27 16:49:00,chat,rates,False,0.01
2022,1000996,2026-07-04 13:25:00,email,fees,True,-0.72
2023,1000996,2026-04-03 14:43:00,branch,fees,True,-0.78
2024,1000996,2026-09-08 08:01:00,branch,fees,True,-0.7
2025,1000997,2026-04-20 19:39:00,email,rates,False,0.31
2026,1000998,2026-07-02 07:55:00,branch,other,False,0.74
2027,1000998,2026-07-10 11:27:00,chat,rates,False,0.09
2028,1000998,2026-08-02 23:22:00,email,service,False,0.32
