customer_id,activity_month,logins,bill_pay_events,app_rating
1000001,2026-03-01,36,5,1
1000001,2026-04-01,36,2,1
1000001,2026-05-01,35,0,5
1000001,2026-06-01,33,4,1
1000001,2026-07-01,29,5,2
1000001,2026-08-01,36,3,3
1000002,2026-03-01,31,2,3
1000002,2026-04-01,35,4,1
1000002,2026-05-01,33,2,3
1000002,2026-06-01,31,4,1
1000002,2026-07-01,28,5,4
1000002,2026-08-01,30,5,4
1000003,2026-03-01,15,0,1
1000003,2026-04-01,16,2,5
1000003,2026-05-01,15,4,1
1000003,2026-06-01,17,0,2
1000003,2026-07-01,17,6,3
1000003,2026-08-01,17,1,5
1000004,2026-03-01,29,0,5
1000004,2026-04-01,24,4,1
1000004,2026-05-01,27,6,5
1000004,2026-06-01,30,0,5
1000004,2026-07-01,28,2,1
1000004,2026-08-01,28,4,3
1000005,2026-03-01,11,1,2
1000005,2026-04-01,14,0,3
1000005,2026-05-01,14,2,4
1000005,2026-06-01,15,1,4
1000005,2026-07-01,15,5,5
1000005,2026-08-01,14,6,1
1000006,2026-03-01,41,5,4
1000006,2026-04-01,43,0,4
1000006,2026-05-01,41,5,1
1000006,2026-06-01,35,3,5
1000006,2026-07-01,35,2,4
1000006,2026-08-01,36,6,5
1000007,2026-03-01,11,2,1
1000007,2026-04-01,13,2,3
1000007,2026-05-01,11,6,5
1000007,2026-06-01,13,2,4
1000007,2026-07-01,12,4,5
1000007,2026-08-01,11,3,1
1000008,2026-03-01,19,1,4
1000008,2026-04-01,16,5,5
1000008,2026-05-01,16,0,3
1000008,2026-06-01,19,6,4
1000008,2026-07-01,19,0,2
1000008,2026-08-01,20,4,5
1000009,2026-03-01,25,2,1
1000009,2026-04-01,20,3,1
1000009,2026-05-01,24,5,4
1000009,2026-06-01,22,6,3
1000009,2026-07-01,18,6,3
1000009,2026-08-01,21,5,3
1000010,2026-03-01,22,6,4
1000010,2026-04-01,27,4,1
1000010,2026-05-01,23,1,2
1000010,2026-06-01,21,3,5
1000010,2026-07-01,20,0,3
1000010,2026-08-01,23,1,5
1000011,2026-03-01,10,6,5
1000011,2026-04-01,8,5,5
1000011,2026-05-01,6,1,5
1000011,2026-06-01,5,5,5
1000011,2026-07-01,3,5,3
1000011,2026-08-01,1,3,5
1000012,2026-03-01,42,5,2
1000012,2026-04-01,43,5,3
1000012,2026-05-01,40,2,4
1000012,2026-06-01,43,0,3
1000012,2026-07-01,42,5,2
1000012,2026-08-01,35,1,1
1000013,2026-03-01,20,4,5
1000013,2026-04-01,23,4,4
1000013,2026-05-01,25,1,2
1000013,2026-06-01,22,1,5
1000013,2026-07-01,19,1,3
1000013,2026-08-01,24,5,3
1000014,2026-03-01,30,2,3
1000014,2026-04-01,37,2,2
1000014,2026-05-01,38,3,3
1000014,2026-06-01,34,1,1
1000014,2026-07-01,31,5,4
1000014,2026-08-01,31,5,5
1000015,2026-03-01,28,3,3
1000015,2026-04-01,28,5,3
1000015,2026-05-01,30,2,2
1000015,2026-06-01,25,6,3
1000015,2026-07-01,25,1,3
1000015,2026-08-01,27,3,2
1000016,2026-03-01,21,0,1
1000016,2026-04-01,18,6,5
1000016,2026-05-01,22,0,1
1000016,2026-06-01,21,3,3
1000016,2026-07-01,20,3,3
1000016,2026-08-01,20,5,2
1000017,2026-03-01,41,2,3
1000017,2026-04-01,32,2,2
1000017,2026-05-01,39,5,4
1000017,2026-06-01,41,3,4
1000017,2026-07-01,38,2,4
1000017,2026-08-01,42,1,4
1000018,2026-03-01,13,4,4
1000018,2026-04-01,10,4,5
1000018,2026-05-01,8,1,1
1000018,2026-06-01,6,5,4
1000018,2026-07-01,4,0,2
1000018,2026-08-01,2,5,3
1000019,2026-03-01,38,6,2
1000019,2026-04-01,31,3,5
1000019,2026-05-01,25,1,1
1000019,2026-06-01,19,1,5
1000019,2026-07-01,12,2,4
1000019,2026-08-01,6,5,3
1000020,2026-03-01,34,5,5
1000020,2026-04-01,35,2,3
1000020,2026-05-01,36,3,3
1000020,2026-06-01,38,6,3
1000020,2026-07-01,33,0,4
1000020,2026-08-01,37,4,2
1000021,2026-03-01,26,5,4
1000021,2026-04-01,22,5,3
1000021,2026-05-01,23,3,3
1000021,2026-06-01,25,0,2
1000021,2026-07-01,27,1,5
1000021,2026-08-01,28,6,3
1000022,2026-03-01,36,2,1
1000022,2026-04-01,38,0,4
1000022,2026-05-01,37,4,4
1000022,2026-06-01,39,1,4
1000022,2026-07-01,41,6,3
1000022,2026-08-01,41,6,5
1000023,2026-03-01,35,6,2
1000023,2026-04-01,29,1,2
1000023,2026-05-01,23,0,3
1000023,2026-06-01,17,3,2
1000023,2026-07-01,11,4,3
1000023,2026-08-01,5,6,1
1000024,2026-03-01,32,2,3
1000024,2026-04-01,35,2,5
1000024,2026-05-01,36,0,5
1000024,2026-06-01,35,0,3
1000024,2026-07-01,38,0,3
1000024,2026-08-01,33,0,3
1000025,2026-03-01,16,0,1
1000025,2026-04-01,14,1,2
1000025,2026-05-01,15,3,2
1000025,2026-06-01,14,3,3
1000025,2026-07-01,15,5,5
1000025,2026-08-01,14,3,1
1000026,2026-03-01,28,5,4
1000026,2026-04-01,27,5,2
1000026,2026-05-01,30,6,4
1000026,2026-06-01,30,5,4
1000026,2026-07-01,30,6,4
1000026,2026-08-01,32,5,2
1000027,2026-03-01,13,0,1
1000027,2026-04-01,14,4,1
1000027,2026-05-01,13,1,5
1000027,2026-06-01,14,5,1
1000027,2026-07-01,13,4,2
1000027,2026-08-01,14,4,2
1000028,2026-03-01,12,3,3
1000028,2026-04-01,11,5,5
1000028,2026-05-01,11,1,2
1000028,2026-06-01,11,4,3
1000028,2026-07-01,11,2,3
1000028,2026-08-01,10,4,3
1000029,2026-03-01,10,0,5
1000029,2026-04-01,8,3,3
1000029,2026-05-01,6,1,5
1000029,2026-06-01,5,6,4
1000029,2026-07-01,3,3,5
1000029,2026-08-01,1,5,2
1000030,2026-03-01,22,4,2
1000030,2026-04-01,23,5,2
1000030,2026-05-01,24,1,1
1000030,2026-06-01,19,1,1
1000030,2026-07-01,23,1,4
1000030,2026-08-01,22,4,5
1000031,2026-03-01,20,5,3
1000031,2026-04-01,23,6,2
1000031,2026-05-01,24,5,1
1000031,2026-06-01,26,5,2
1000031,2026-07-01,24,5,1
1000031,2026-08-01,24,1,1
1000032,2026-03-01,21,6,1
1000032,2026-04-01,17,3,2
1000032,2026-05-01,20,6,4
1000032,2026-06-01,21,6,5
1000032,2026-07-01,17,6,5
1000032,2026-08-01,18,0,2
1000033,2026-03-01,34,2,5
1000033,2026-04-01,29,2,4
1000033,2026-05-01,28,3,3
1000033,2026-06-01,28,6,2
1000033,2026-07-01,34,4,5
1000033,2026-08-01,30,4,1
1000034,2026-03-01,28,3,4
1000034,2026-04-01,32,2,3
1000034,2026-05-01,36,3,2
1000034,2026-06-01,32,4,3
1000034,2026-07-01,29,6,2
1000034,2026-08-01,32,0,5
1000035,2026-03-01,16,1,4
1000035,2026-04-01,16,3,3
1000035,2026-05-01,16,2,2
1000035,2026-06-01,15,0,3
1000035,2026-07-01,14,2,5
1000035,2026-08-01,14,6,4
1000036,2026-03-01,31,3,1
1000036,2026-04-01,25,5,2
1000036,2026-05-01,20,0,1
1000036,2026-06-01,15,4,1
1000036,2026-07-01,10,6,5
1000036,2026-08-01,5,1,1
1000037,2026-03-01,19,0,3
1000037,2026-04-01,15,4,5
1000037,2026-05-01,12,4,2
1000037,2026-06-01,9,5,2
1000037,2026-07-01,6,1,4
1000037,2026-08-01,3,1,2
1000038,2026-03-01,16,6,1
1000038,2026-04-01,15,4,1
1000038,2026-05-01,17,4,5
1000038,2026-06-01,16,6,2
1000038,2026-07-01,17,6,3
1000038,2026-08-01,13,0,2
1000039,2026-03-01,32,3,3
1000039,2026-04-01,36,4,1
1000039,2026-05-01,33,1,2
1000039,2026-06-01,29,0,3
1000039,2026-07-01,35,0,2
1000039,2026-08-01,29,3,5
1000040,2026-03-01,37,5,3
1000040,2026-04-01,38,1,3
1000040,2026-05-01,31,3,4
1000040,2026-06-01,39,5,2
1000040,2026-07-01,35,1,1
1000040,2026-08-01,35,1,4
1000041,2026-03-01,29,4,4
1000041,2026-04-01,32,5,3
1000041,2026-05-01,35,5,3
1000041,2026-06-01,31,0,2
1000041,2026-07-01,34,0,2
1000041,2026-08-01,36,0,1
1000042,2026-03-01,40,1,3
1000042,2026-04-01,31,2,5
1000042,2026-05-01,35,2,1
1000042,2026-06-01,31,2,5
1000042,2026-07-01,32,5,2
1000042,2026-08-01,35,2,4
1000043,2026-03-01,21,2,3
1000043,2026-04-01,21,1,2
1000043,2026-05-01,23,6,1
1000043,2026-06-01,25,1,3
1000043,2026-07-01,21,2,5
1000043,2026-08-01,24,1,3
1000044,2026-03-01,33,0,1
1000044,2026-04-01,32,2,5
1000044,2026-05-01,27,2,4
1000044,2026-06-01,30,4,4
1000044,2026-07-01,27,6,4
1000044,2026-08-01,25,4,3
1000045,2026-03-01,18,3,5
1000045,2026-04-01,20,2,3
1000045,2026-05-01,21,4,1
1000045,2026-06-01,20,1,4
1000045,2026-07-01,16,3,1
1000045,2026-08-01,21,4,1
1000046,2026-03-01,26,0,2
1000046,2026-04-01,24,4,2
1000046,2026-05-01,23,3,4
1000046,2026-06-01,27,6,2
1000046,2026-07-01,25,6,1
1000046,2026-08-01,25,3,3
1000047,2026-03-01,29,0,5
1000047,2026-04-01,27,3,2
1000047,2026-05-01,23,3,3
1000047,2026-06-01,27,4,4
1000047,2026-07-01,24,1,4
1000047,2026-08-01,27,3,2
1000048,2026-03-01,30,5,2
1000048,2026-04-01,28,4,3
1000048,2026-05-01,32,3,3
1000048,2026-06-01,33,4,2
1000048,2026-07-01,30,2,2
1000048,2026-08-01,27,1,2
1000049,2026-03-01,10,6,2
1000049,2026-04-01,7,2,3
1000049,2026-05-01,8,0,5
1000049,2026-06-01,8,1,2
1000049,2026-07-01,10,2,3
1000049,2026-08-01,8,0,2
1000050,2026-03-01,31,3,5
1000050,2026-04-01,34,6,5
1000050,2026-05-01,33,6,2
1000050,2026-06-01,29,2,2
1000050,2026-07-01,32,4,5
1000050,2026-08-01,34,0,3
1000051,2026-03-01,21,0,4
1000051,2026-04-01,22,3,2
1000051,2026-05-01,17,6,4
1000051,2026-06-01,20,3,4
1000051,2026-07-01,21,0,1
1000051,2026-08-01,22,1,4
1000052,2026-03-01,43,4,1
1000052,2026-04-01,36,6,5
1000052,2026-05-01,36,1,4
1000052,2026-06-01,39,4,4
1000052,2026-07-01,38,2,4
1000052,2026-08-01,36,4,2
1000053,2026-03-01,37,5,3
1000053,2026-04-01,40,0,3
1000053,2026-05-01,31,3,4
1000053,2026-06-01,31,1,2
1000053,2026-07-01,32,4,1
1000053,2026-08-01,37,6,5
1000054,2026-03-01,11,6,3
1000054,2026-04-01,10,0,5
1000054,2026-05-01,11,5,5
1000054,2026-06-01,13,5,5
1000054,2026-07-01,12,4,3
1000054,2026-08-01,11,5,4
1000055,2026-03-01,39,6,1
1000055,2026-04-01,36,4,4
1000055,2026-05-01,33,4,4
1000055,2026-06-01,36,3,5
1000055,2026-07-01,35,2,1
1000055,2026-08-01,34,1,3
1000056,2026-03-01,29,2,3
1000056,2026-04-01,38,2,3
1000056,2026-05-01,32,3,5
1000056,2026-06-01,34,2,4
1000056,2026-07-01,37,5,2
1000056,2026-08-01,38,4,3
1000057,2026-03-01,21,5,4
1000057,2026-04-01,17,2,5
1000057,2026-05-01,14,0,5
1000057,2026-06-01,10,3,1
1000057,2026-07-01,7,1,5
1000057,2026-08-01,3,2,2
1000058,2026-03-01,31,3,1
1000058,2026-04-01,33,0,1
1000058,2026-05-01,25,4,5
1000058,2026-06-01,30,6,1
1000058,2026-07-01,27,2,5
1000058,2026-08-01,31,0,4
1000059,2026-03-01,19,6,4
1000059,2026-04-01,19,4,1
1000059,2026-05-01,15,3,2
1000059,2026-06-01,19,5,1
1000059,2026-07-01,20,0,2
1000059,2026-08-01,20,0,4
1000060,2026-03-01,37,5,2
1000060,2026-04-01,45,1,5
1000060,2026-05-01,40,2,1
1000060,2026-06-01,41,0,2
1000060,2026-07-01,36,6,5
1000060,2026-08-01,44,3,1
1000061,2026-03-01,20,0,5
1000061,2026-04-01,18,3,4
1000061,2026-05-01,17,2,3
1000061,2026-06-01,16,2,1
1000061,2026-07-01,19,5,1
1000061,2026-08-01,21,2,4
1000062,2026-03-01,15,0,1
1000062,2026-04-01,12,5,4
1000062,2026-05-01,13,0,1
1000062,2026-06-01,13,6,3
1000062,2026-07-01,14,1,5
1000062,2026-08-01,12,6,3
1000063,2026-03-01,39,0,4
1000063,2026-04-01,40,2,2
1000063,2026-05-01,40,3,1
1000063,2026-06-01,44,4,4
1000063,2026-07-01,42,5,3
1000063,2026-08-01,40,0,5
1000064,2026-03-01,29,1,1
1000064,2026-04-01,29,6,1
1000064,2026-05-01,34,6,3
1000064,2026-06-01,38,4,5
1000064,2026-07-01,38,5,3
1000064,2026-08-01,35,0,4
1000065,2026-03-01,18,0,4
1000065,2026-04-01,19,6,3
1000065,2026-05-01,20,2,4
1000065,2026-06-01,25,1,3
1000065,2026-07-01,18,1,2
1000065,2026-08-01,25,5,2
1000066,2026-03-01,30,6,4
1000066,2026-04-01,32,3,5
1000066,2026-05-01,30,1,2
1000066,2026-06-01,27,3,5
1000066,2026-07-01,33,6,1
1000066,2026-08-01,32,3,2
1000067,2026-03-01,10,6,5
1000067,2026-04-01,11,0,2
1000067,2026-05-01,11,1,4
1000067,2026-06-01,13,5,4
1000067,2026-07-01,11,1,3
1000067,2026-08-01,13,4,1
1000068,2026-03-01,9,0,5
1000068,2026-04-01,12,6,4
1000068,2026-05-01,10,3,3
1000068,2026-06-01,10,2,5
1000068,2026-07-01,11,2,3
1000068,2026-08-01,9,4,5
1000069,2026-03-01,10,1,2
1000069,2026-04-01,10,0,1
1000069,2026-05-01,9,4,3
1000069,2026-06-01,10,4,5
1000069,2026-07-01,8,2,5
1000069,2026-08-01,11,3,2
1000070,2026-03-01,36,2,2
1000070,2026-04-01,36,6,2
1000070,2026-05-01,27,2,2
1000070,2026-06-01,28,0,1
1000070,2026-07-01,32,4,4
1000070,2026-08-01,29,1,1
1000071,2026-03-01,14,0,2
1000071,2026-04-01,14,6,2
1000071,2026-05-01,17,3,1
1000071,2026-06-01,15,5,4
1000071,2026-07-01,14,5,1
1000071,2026-08-01,17,5,3
1000072,2026-03-01,36,0,1
1000072,2026-04-01,39,3,3
1000072,2026-05-01,40,6,3
1000072,2026-06-01,43,0,4
1000072,2026-07-01,41,1,4
1000072,2026-08-01,44,1,4
1000073,2026-03-01,19,2,2
1000073,2026-04-01,17,6,3
1000073,2026-05-01,17,0,2
1000073,2026-06-01,16,1,4
1000073,2026-07-01,19,3,1
1000073,2026-08-01,20,1,5
1000074,2026-03-01,13,0,2
1000074,2026-04-01,10,1,5
1000074,2026-05-01,8,3,4
1000074,2026-06-01,6,6,5
1000074,2026-07-01,4,6,3
1000074,2026-08-01,2,3,3
1000075,2026-03-01,23,3,4
1000075,2026-04-01,23,2,2
1000075,2026-05-01,19,4,3
1000075,2026-06-01,21,3,3
1000075,2026-07-01,21,0,2
1000075,2026-08-01,24,3,4
1000076,2026-03-01,8,2,4
1000076,2026-04-01,10,0,3
1000076,2026-05-01,9,2,2
1000076,2026-06-01,10,4,5
1000076,2026-07-01,11,1,5
1000076,2026-08-01,11,0,1
1000077,2026-03-01,26,2,5
1000077,2026-04-01,22,6,3
1000077,2026-05-01,20,3,5
1000077,2026-06-01,20,6,3
1000077,2026-07-01,24,1,1
1000077,2026-08-01,25,1,4
1000078,2026-03-01,8,5,3
1000078,2026-04-01,8,2,5
1000078,2026-05-01,8,6,4
1000078,2026-06-01,8,0,5
1000078,2026-07-01,6,6,4
1000078,2026-08-01,7,4,3
1000079,2026-03-01,17,6,1
1000079,2026-04-01,20,5,3
1000079,2026-05-01,20,0,1
1000079,2026-06-01,21,0,4
1000079,2026-07-01,19,5,4
1000079,2026-08-01,17,6,2
1000080,2026-03-01,28,6,1
1000080,2026-04-01,30,1,2
1000080,2026-05-01,27,6,4
1000080,2026-06-01,27,5,1
1000080,2026-07-01,31,4,4
1000080,2026-08-01,29,1,4
1000081,2026-03-01,15,4,3
1000081,2026-04-01,17,2,3
1000081,2026-05-01,14,6,2
1000081,2026-06-01,16,6,4
1000081,2026-07-01,15,0,2
1000081,2026-08-01,15,1,2
1000082,2026-03-01,28,4,4
1000082,2026-04-01,23,3,1
1000082,2026-05-01,18,6,3
1000082,2026-06-01,14,4,4
1000082,2026-07-01,9,5,1
1000082,2026-08-01,4,2,3
1000083,2026-03-01,37,0,5
1000083,2026-04-01,44,5,2
1000083,2026-05-01,42,2,2
1000083,2026-06-01,39,1,5
1000083,2026-07-01,40,2,5
1000083,2026-08-01,41,1,1
1000084,2026-03-01,22,1,4
1000084,2026-04-01,20,6,2
1000084,2026-05-01,22,5,1
1000084,2026-06-01,24,0,1
1000084,2026-07-01,20,0,4
1000084,2026-08-01,19,6,5
1000085,2026-03-01,27,5,2
1000085,2026-04-01,26,3,4
1000085,2026-05-01,31,5,1
1000085,2026-06-01,30,6,3
1000085,2026-07-01,27,0,3
1000085,2026-08-01,27,5,3
1000086,2026-03-01,17,6,1
1000086,2026-04-01,20,4,1
1000086,2026-05-01,21,3,4
1000086,2026-06-01,20,3,5
1000086,2026-07-01,19,6,4
1000086,2026-08-01,20,3,4
1000087,2026-03-01,18,3,3
1000087,2026-04-01,16,2,3
1000087,2026-05-01,14,0,1
1000087,2026-06-01,16,4,3
1000087,2026-07-01,15,6,1
1000087,2026-08-01,15,3,1
1000088,2026-03-01,33,6,3
1000088,2026-04-01,43,0,5
1000088,2026-05-01,43,3,4
1000088,2026-06-01,38,0,2
1000088,2026-07-01,39,6,5
1000088,2026-08-01,42,3,5
1000089,2026-03-01,32,5,2
1000089,2026-04-01,31,3,2
1000089,2026-05-01,28,1,3
1000089,2026-06-01,27,1,2
1000089,2026-07-01,28,6,4
1000089,2026-08-01,28,3,3
1000090,2026-03-01,22,3,3
1000090,2026-04-01,23,4,3
1000090,2026-05-01,23,0,5
1000090,2026-06-01,29,0,1
1000090,2026-07-01,29,2,4
1000090,2026-08-01,26,2,1
1000091,2026-03-01,27,0,4
1000091,2026-04-01,28,1,5
1000091,2026-05-01,25,0,2
1000091,2026-06-01,27,2,5
1000091,2026-07-01,22,1,4
1000091,2026-08-01,29,5,2
1000092,2026-03-01,16,3,5
1000092,2026-04-01,12,4,5
1000092,2026-05-01,16,2,1
1000092,2026-06-01,12,3,3
1000092,2026-07-01,14,5,1
1000092,2026-08-01,14,3,1
1000093,2026-03-01,9,1,4
1000093,2026-04-01,10,3,4
1000093,2026-05-01,8,2,5
1000093,2026-06-01,9,4,5
1000093,2026-07-01,11,3,5
1000093,2026-08-01,10,4,5
1000094,2026-03-01,31,1,1
1000094,2026-04-01,34,6,1
1000094,2026-05-01,30,0,2
1000094,2026-06-01,27,0,2
1000094,2026-07-01,31,2,5
1000094,2026-08-01,30,2,5
1000095,2026-03-01,38,0,5
1000095,2026-04-01,39,4,4
1000095,2026-05-01,33,6,5
1000095,2026-06-01,37,3,1
1000095,2026-07-01,40,0,1
1000095,2026-08-01,33,4,4
1000096,2026-03-01,31,4,4
1000096,2026-04-01,36,5,1
1000096,2026-05-01,34,0,1
1000096,2026-06-01,31,0,1
1000096,2026-07-01,29,1,5
1000096,2026-08-01,31,6,5
1000097,2026-03-01,25,1,2
1000097,2026-04-01,25,1,2
1000097,2026-05-01,26,6,2
1000097,2026-06-01,26,0,5
1000097,2026-07-01,29,6,5
1000097,2026-08-01,25,1,1
1000098,2026-03-01,36,6,5
1000098,2026-04-01,33,3,1
1000098,2026-05-01,36,6,2
1000098,2026-06-01,34,5,4
1000098,2026-07-01,34,5,4
1000098,2026-08-01,37,6,2
1000099,2026-03-01,33,2,2
1000099,2026-04-01,34,0,2
1000099,2026-05-01,34,3,5
1000099,2026-06-01,32,3,3
1000099,2026-07-01,27,1,3
1000099,2026-08-01,32,3,2
1000100,2026-03-01,22,6,3
1000100,2026-04-01,24,2,1
1000100,2026-05-01,29,3,4
1000100,2026-06-01,23,4,2
1000100,2026-07-01,29,0,3
1000100,2026-08-01,26,1,2
1000101,2026-03-01,25,2,2
1000101,2026-04-01,24,5,4
1000101,2026-05-01,26,1,5
1000101,2026-06-01,27,3,4
1000101,2026-07-01,20,5,1
1000101,2026-08-01,21,0,5
1000102,2026-03-01,11,2,5
1000102,2026-04-01,11,1,2
1000102,2026-05-01,10,5,2
1000102,2026-06-01,9,1,5
1000102,2026-07-01,9,3,4
1000102,2026-08-01,9,2,4
1000103,2026-03-01,10,6,5
1000103,2026-04-01,10,3,3
1000103,2026-05-01,9,6,5
1000103,2026-06-01,10,2,3
1000103,2026-07-01,10,4,2
1000103,2026-08-01,8,2,4
1000104,2026-03-01,36,2,1
1000104,2026-04-01,30,4,3
1000104,2026-05-01,24,1,2
1000104,2026-06-01,18,1,2
1000104,2026-07-01,12,3,5
1000104,2026-08-01,6,6,2
1000105,2026-03-01,19,1,3
1000105,2026-04-01,21,1,5
1000105,2026-05-01,22,2,3
1000105,2026-06-01,19,5,5
1000105,2026-07-01,17,4,3
1000105,2026-08-01,20,6,1
1000106,2026-03-01,33,0,1
1000106,2026-04-01,34,4,3
1000106,2026-05-01,36,4,1
1000106,2026-06-01,31,3,2
1000106,2026-07-01,31,6,4
1000106,2026-08-01,36,5,2
1000107,2026-03-01,33,6,5
1000107,2026-04-01,35,5,5
1000107,2026-05-01,31,4,4
1000107,2026-06-01,31,5,4
1000107,2026-07-01,34,1,2
1000107,2026-08-01,35,2,1
1000108,2026-03-01,24,3,3
1000108,2026-04-01,29,3,3
1000108,2026-05-01,28,5,2
1000108,2026-06-01,23,0,4
1000108,2026-07-01,29,5,5
1000108,2026-08-01,24,3,4
1000109,2026-03-01,14,6,4
1000109,2026-04-01,14,2,4
1000109,2026-05-01,14,4,1
1000109,2026-06-01,13,5,5
1000109,2026-07-01,13,1,3
1000109,2026-08-01,12,0,4
1000110,2026-03-01,12,3,1
1000110,2026-04-01,12,0,4
1000110,2026-05-01,10,4,2
1000110,2026-06-01,13,0,4
1000110,2026-07-01,12,0,1
1000110,2026-08-01,13,5,5
1000111,2026-03-01,18,6,3
1000111,2026-04-01,17,4,5
1000111,2026-05-01,16,1,2
1000111,2026-06-01,17,6,4
1000111,2026-07-01,13,4,4
1000111,2026-08-01,14,5,5
1000112,2026-03-01,9,5,4
1000112,2026-04-01,9,5,2
1000112,2026-05-01,12,2,5
1000112,2026-06-01,11,0,3
1000112,2026-07-01,10,0,5
1000112,2026-08-01,11,1,5
1000113,2026-03-01,40,3,4
1000113,2026-04-01,41,3,3
1000113,2026-05-01,42,5,2
1000113,2026-06-01,39,1,4
1000113,2026-07-01,33,0,3
1000113,2026-08-01,34,6,4
1000114,2026-03-01,11,2,2
1000114,2026-04-01,9,3,1
1000114,2026-05-01,7,0,3
1000114,2026-06-01,5,0,2
1000114,2026-07-01,3,6,5
1000114,2026-08-01,1,4,2
1000115,2026-03-01,32,6,1
1000115,2026-04-01,36,1,2
1000115,2026-05-01,41,1,5
1000115,2026-06-01,33,2,3
1000115,2026-07-01,34,5,1
1000115,2026-08-01,40,1,1
1000116,2026-03-01,8,4,4
1000116,2026-04-01,9,4,1
1000116,2026-05-01,9,1,2
1000116,2026-06-01,8,3,2
1000116,2026-07-01,8,6,2
1000116,2026-08-01,8,1,3
1000117,2026-03-01,31,4,1
1000117,2026-04-01,34,4,4
1000117,2026-05-01,33,6,3
1000117,2026-06-01,30,1,2
1000117,2026-07-01,31,2,1
1000117,2026-08-01,32,0,2
1000118,2026-03-01,8,3,5
1000118,2026-04-01,8,1,5
1000118,2026-05-01,9,4,3
1000118,2026-06-01,7,2,4
1000118,2026-07-01,9,3,3
1000118,2026-08-01,9,0,2
1000119,2026-03-01,22,3,3
1000119,2026-04-01,17,1,5
1000119,2026-05-01,21,4,1
1000119,2026-06-01,20,4,5
1000119,2026-07-01,19,5,5
1000119,2026-08-01,18,5,3
1000120,2026-03-01,26,3,2
1000120,2026-04-01,20,4,5
1000120,2026-05-01,24,2,4
1000120,2026-06-01,23,3,4
1000120,2026-07-01,20,2,4
1000120,2026-08-01,25,4,4
1000121,2026-03-01,36,5,2
1000121,2026-04-01,30,3,2
1000121,2026-05-01,24,4,5
1000121,2026-06-01,18,4,5
1000121,2026-07-01,12,0,4
1000121,2026-08-01,6,6,4
1000122,2026-03-01,16,2,4
1000122,2026-04-01,16,2,3
1000122,2026-05-01,14,3,5
1000122,2026-06-01,15,3,5
1000122,2026-07-01,15,1,5
1000122,2026-08-01,13,1,2
1000123,2026-03-01,39,2,2
1000123,2026-04-01,39,2,5
1000123,2026-05-01,41,5,3
1000123,2026-06-01,35,4,3
1000123,2026-07-01,42,2,5
1000123,2026-08-01,42,1,2
1000124,2026-03-01,14,1,3
1000124,2026-04-01,17,0,1
1000124,2026-05-01,17,6,1
1000124,2026-06-01,14,3,1
1000124,2026-07-01,16,0,4
1000124,2026-08-01,13,6,5
1000125,2026-03-01,16,1,5
1000125,2026-04-01,21,0,4
1000125,2026-05-01,21,4,2
1000125,2026-06-01,20,4,3
1000125,2026-07-01,19,2,1
1000125,2026-08-01,20,1,4
1000126,2026-03-01,31,3,2
1000126,2026-04-01,32,6,5
1000126,2026-05-01,28,2,3
1000126,2026-06-01,36,2,2
1000126,2026-07-01,31,5,5
1000126,2026-08-01,31,1,4
1000127,2026-03-01,26,1,4
1000127,2026-04-01,21,4,1
1000127,2026-05-01,17,4,5
1000127,2026-06-01,13,4,3
1000127,2026-07-01,8,4,1
1000127,2026-08-01,4,6,4
1000128,2026-03-01,39,3,2
1000128,2026-04-01,32,3,5
1000128,2026-05-01,26,1,2
1000128,2026-06-01,19,4,2
1000128,2026-07-01,13,6,5
1000128,2026-08-01,6,0,3
1000129,2026-03-01,40,5,2
1000129,2026-04-01,33,5,3
1000129,2026-05-01,26,4,1
1000129,2026-06-01,20,2,2
1000129,2026-07-01,13,1,4
1000129,2026-08-01,6,0,2
1000130,2026-03-01,30,2,5
1000130,2026-04-01,34,0,4
1000130,2026-05-01,27,2,5
1000130,2026-06-01,34,2,1
1000130,2026-07-01,28,3,4
1000130,2026-08-01,26,3,4
1000131,2026-03-01,16,3,2
1000131,2026-04-01,16,3,5
1000131,2026-05-01,13,6,4
1000131,2026-06-01,15,6,5
1000131,2026-07-01,18,4,2
1000131,2026-08-01,15,6,5
1000132,2026-03-01,17,2,5
1000132,2026-04-01,21,6,1
1000132,2026-05-01,17,2,5
1000132,2026-06-01,18,5,2
1000132,2026-07-01,22,2,4
1000132,2026-08-01,22,1,5
1000133,2026-03-01,15,1,4
1000133,2026-04-01,16,6,3
1000133,2026-05-01,13,0,4
1000133,2026-06-01,14,6,2
1000133,2026-07-01,15,0,2
1000133,2026-08-01,14,3,2
1000134,2026-03-01,43,2,4
1000134,2026-04-01,35,2,5
1000134,2026-05-01,42,3,2
1000134,2026-06-01,44,4,2
1000134,2026-07-01,34,4,2
1000134,2026-08-01,33,5,3
1000135,2026-03-01,12,4,2
1000135,2026-04-01,10,0,1
1000135,2026-05-01,8,3,3
1000135,2026-06-01,6,4,3
1000135,2026-07-01,4,2,4
1000135,2026-08-01,2,2,1
1000136,2026-03-01,40,5,4
1000136,2026-04-01,43,0,3
1000136,2026-05-01,39,3,5
1000136,2026-06-01,37,3,5
1000136,2026-07-01,42,3,4
1000136,2026-08-01,37,6,1
1000137,2026-03-01,40,6,4
1000137,2026-04-01,36,2,1
1000137,2026-05-01,37,4,4
1000137,2026-06-01,45,1,2
1000137,2026-07-01,40,3,3
1000137,2026-08-01,45,0,2
1000138,2026-03-01,16,3,3
1000138,2026-04-01,16,6,5
1000138,2026-05-01,16,5,5
1000138,2026-06-01,15,1,2
1000138,2026-07-01,15,2,2
1000138,2026-08-01,15,1,1
1000139,2026-03-01,11,3,5
1000139,2026-04-01,10,3,2
1000139,2026-05-01,11,1,4
1000139,2026-06-01,11,4,2
1000139,2026-07-01,10,0,2
1000139,2026-08-01,12,0,5
1000140,2026-03-01,23,2,5
1000140,2026-04-01,24,1,3
1000140,2026-05-01,23,2,1
1000140,2026-06-01,23,1,4
1000140,2026-07-01,23,6,4
1000140,2026-08-01,25,0,5
1000141,2026-03-01,43,3,3
1000141,2026-04-01,44,4,1
1000141,2026-05-01,40,1,1
1000141,2026-06-01,43,0,4
1000141,2026-07-01,34,6,1
1000141,2026-08-01,35,5,1
1000142,2026-03-01,39,0,1
1000142,2026-04-01,36,6,5
1000142,2026-05-01,35,0,1
1000142,2026-06-01,34,0,2
1000142,2026-07-01,39,2,3
1000142,2026-08-01,33,5,2
1000143,2026-03-01,31,1,3
1000143,2026-04-01,25,6,3
1000143,2026-05-01,20,0,5
1000143,2026-06-01,15,3,2
1000143,2026-07-01,10,4,2
1000143,2026-08-01,5,1,3
1000144,2026-03-01,30,6,2
1000144,2026-04-01,28,4,4
1000144,2026-05-01,26,1,4
1000144,2026-06-01,23,2,5
1000144,2026-07-01,30,3,4
1000144,2026-08-01,28,5,2
1000145,2026-03-01,39,3,1
1000145,2026-04-01,39,2,1
1000145,2026-05-01,33,0,3
1000145,2026-06-01,31,1,3
1000145,2026-07-01,41,0,2
1000145,2026-08-01,33,3,4
1000146,2026-03-01,19,4,2
1000146,2026-04-01,21,3,4
1000146,2026-05-01,21,2,1
1000146,2026-06-01,20,5,5
1000146,2026-07-01,19,2,2
1000146,2026-08-01,18,1,3
1000147,2026-03-01,14,1,1
1000147,2026-04-01,13,0,1
1000147,2026-05-01,16,6,1
1000147,2026-06-01,14,1,3
1000147,2026-07-01,12,3,5
1000147,2026-08-01,15,4,3
1000148,2026-03-01,10,4,1
1000148,2026-04-01,11,0,1
1000148,2026-05-01,10,0,5
1000148,2026-06-01,10,0,1
1000148,2026-07-01,9,6,5
1000148,2026-08-01,11,2,3
1000149,2026-03-01,32,1,1
1000149,2026-04-01,26,5,1
1000149,2026-05-01,21,4,5
1000149,2026-06-01,16,4,5
1000149,2026-07-01,10,2,5
1000149,2026-08-01,5,4,2
1000150,2026-03-01,39,0,1
1000150,2026-04-01,37,2,5
1000150,2026-05-01,39,4,1
1000150,2026-06-01,33,1,2
1000150,2026-07-01,32,3,2
1000150,2026-08-01,29,1,1
1000151,2026-03-01,20,6,2
1000151,2026-04-01,20,5,2
1000151,2026-05-01,21,5,4
1000151,2026-06-01,18,5,2
1000151,2026-07-01,19,0,4
1000151,2026-08-01,21,1,2
1000152,2026-03-01,41,3,3
1000152,2026-04-01,40,1,3
1000152,2026-05-01,31,3,5
1000152,2026-06-01,39,5,5
1000152,2026-07-01,32,0,4
1000152,2026-08-01,39,2,4
1000153,2026-03-01,15,2,3
1000153,2026-04-01,14,5,2
1000153,2026-05-01,13,1,5
1000153,2026-06-01,15,5,1
1000153,2026-07-01,14,4,5
1000153,2026-08-01,13,0,1
1000154,2026-03-01,35,0,5
1000154,2026-04-01,32,2,5
1000154,2026-05-01,30,0,4
1000154,2026-06-01,28,4,3
1000154,2026-07-01,32,0,5
1000154,2026-08-01,32,2,3
1000155,2026-03-01,25,3,2
1000155,2026-04-01,25,0,4
1000155,2026-05-01,26,0,1
1000155,2026-06-01,23,3,5
1000155,2026-07-01,24,0,3
1000155,2026-08-01,26,6,5
1000156,2026-03-01,10,0,3
1000156,2026-04-01,11,2,4
1000156,2026-05-01,11,0,5
1000156,2026-06-01,9,4,1
1000156,2026-07-01,9,5,3
1000156,2026-08-01,9,0,3
1000157,2026-03-01,32,3,3
1000157,2026-04-01,28,6,2
1000157,2026-05-01,29,3,3
1000157,2026-06-01,28,0,2
1000157,2026-07-01,32,3,5
1000157,2026-08-01,30,0,5
1000158,2026-03-01,15,5,2
1000158,2026-04-01,13,4,2
1000158,2026-05-01,15,2,3
1000158,2026-06-01,15,2,3
1000158,2026-07-01,14,2,4
1000158,2026-08-01,13,0,1
1000159,2026-03-01,28,4,4
1000159,2026-04-01,32,6,2
1000159,2026-05-01,30,0,5
1000159,2026-06-01,29,3,4
1000159,2026-07-01,24,1,4
1000159,2026-08-01,26,0,2
1000160,2026-03-01,22,0,4
1000160,2026-04-01,27,1,5
1000160,2026-05-01,26,1,1
1000160,2026-06-01,24,1,4
1000160,2026-07-01,26,5,2
1000160,2026-08-01,24,2,1
1000161,2026-03-01,30,4,3
1000161,2026-04-01,30,0,5
1000161,2026-05-01,29,5,5
1000161,2026-06-01,29,0,5
1000161,2026-07-01,27,0,3
1000161,2026-08-01,32,2,1
1000162,2026-03-01,33,3,1
1000162,2026-04-01,43,3,4
1000162,2026-05-01,37,1,2
1000162,2026-06-01,34,1,1
1000162,2026-07-01,37,6,4
1000162,2026-08-01,33,0,4
1000163,2026-03-01,8,3,3
1000163,2026-04-01,8,1,5
1000163,2026-05-01,8,3,1
1000163,2026-06-01,9,5,3
1000163,2026-07-01,9,0,5
1000163,2026-08-01,9,4,1
1000164,2026-03-01,33,5,4
1000164,2026-04-01,27,5,1
1000164,2026-05-01,22,5,1
1000164,2026-06-01,16,6,1
1000164,2026-07-01,11,1,5
1000164,2026-08-01,5,4,1
1000165,2026-03-01,34,2,3
1000165,2026-04-01,30,0,5
1000165,2026-05-01,31,2,2
1000165,2026-06-01,26,2,4
1000165,2026-07-01,33,2,2
1000165,2026-08-01,29,1,3
1000166,2026-03-01,18,3,5
1000166,2026-04-01,17,6,5
1000166,2026-05-01,17,2,2
1000166,2026-06-01,16,3,3
1000166,2026-07-01,18,4,5
1000166,2026-08-01,17,0,3
1000167,2026-03-01,38,5,4
1000167,2026-04-01,31,3,2
1000167,2026-05-01,25,1,2
1000167,2026-06-01,19,1,3
1000167,2026-07-01,12,0,1
1000167,2026-08-01,6,5,3
1000168,2026-03-01,24,0,1
1000168,2026-04-01,20,4,5
1000168,2026-05-01,16,2,3
1000168,2026-06-01,12,4,2
1000168,2026-07-01,8,6,3
1000168,2026-08-01,4,1,4
1000169,2026-03-01,34,5,3
1000169,2026-04-01,34,4,4
1000169,2026-05-01,37,6,5
1000169,2026-06-01,30,4,2
1000169,2026-07-01,37,2,3
1000169,2026-08-01,37,3,2
1000170,2026-03-01,6,5,2
1000170,2026-04-01,8,6,4
1000170,2026-05-01,7,1,5
1000170,2026-06-01,8,1,4
1000170,2026-07-01,7,5,4
1000170,2026-08-01,7,4,4
1000171,2026-03-01,26,5,3
1000171,2026-04-01,33,3,5
1000171,2026-05-01,28,5,5
1000171,2026-06-01,33,1,1
1000171,2026-07-01,27,1,5
1000171,2026-08-01,33,3,2
1000172,2026-03-01,9,5,1
1000172,2026-04-01,10,0,4
1000172,2026-05-01,9,4,1
1000172,2026-06-01,10,1,3
1000172,2026-07-01,12,6,1
1000172,2026-08-01,9,1,4
1000173,2026-03-01,19,4,1
1000173,2026-04-01,16,2,4
1000173,2026-05-01,20,2,1
1000173,2026-06-01,19,4,2
1000173,2026-07-01,18,6,5
1000173,2026-08-01,18,6,4
1000174,2026-03-01,33,4,5
1000174,2026-04-01,39,0,1
1000174,2026-05-01,41,0,4
1000174,2026-06-01,40,1,1
1000174,2026-07-01,41,5,5
1000174,2026-08-01,42,1,1
1000175,2026-03-01,15,5,4
1000175,2026-04-01,13,1,5
1000175,2026-05-01,15,5,2
1000175,2026-06-01,16,3,1
1000175,2026-07-01,14,1,2
1000175,2026-08-01,14,0,1
1000176,2026-03-01,27,4,2
1000176,2026-04-01,22,0,1
1000176,2026-05-01,18,6,3
1000176,2026-06-01,13,4,4
1000176,2026-07-01,9,5,4
1000176,2026-08-01,4,0,4
1000177,2026-03-01,27,3,3
1000177,2026-04-01,22,0,1
1000177,2026-05-01,18,0,2
1000177,2026-06-01,13,4,2
1000177,2026-07-01,9,6,2
1000177,2026-08-01,4,1,2
1000178,2026-03-01,23,4,5
1000178,2026-04-01,22,0,5
1000178,2026-05-01,26,1,1
1000178,2026-06-01,24,4,1
1000178,2026-07-01,23,1,2
1000178,2026-08-01,24,4,3
1000179,2026-03-01,23,5,3
1000179,2026-04-01,18,6,5
1000179,2026-05-01,23,2,5
1000179,2026-06-01,19,4,3
1000179,2026-07-01,21,6,1
1000179,2026-08-01,19,4,5
1000180,2026-03-01,13,1,5
1000180,2026-04-01,14,5,4
1000180,2026-05-01,15,2,2
1000180,2026-06-01,15,2,4
1000180,2026-07-01,14,3,4
1000180,2026-08-01,16,2,5
1000181,2026-03-01,9,4,3
1000181,2026-04-01,11,3,2
1000181,2026-05-01,11,2,2
1000181,2026-06-01,12,0,1
1000181,2026-07-01,10,4,1
1000181,2026-08-01,9,3,5
1000182,2026-03-01,18,3,3
1000182,2026-04-01,17,6,2
1000182,2026-05-01,13,2,4
1000182,2026-06-01,14,4,1
1000182,2026-07-01,18,2,5
1000182,2026-08-01,15,3,4
1000183,2026-03-01,26,2,2
1000183,2026-04-01,27,1,1
1000183,2026-05-01,21,4,4
1000183,2026-06-01,21,2,4
1000183,2026-07-01,25,5,5
1000183,2026-08-01,26,5,2
1000184,2026-03-01,21,2,3
1000184,2026-04-01,22,4,1
1000184,2026-05-01,18,5,1
1000184,2026-06-01,18,4,2
1000184,2026-07-01,18,3,2
1000184,2026-08-01,19,0,5
1000185,2026-03-01,21,0,2
1000185,2026-04-01,18,1,5
1000185,2026-05-01,18,3,3
1000185,2026-06-01,20,5,2
1000185,2026-07-01,21,3,1
1000185,2026-08-01,20,6,4
1000186,2026-03-01,38,4,4
1000186,2026-04-01,30,3,2
1000186,2026-05-01,29,4,2
1000186,2026-06-01,38,0,3
1000186,2026-07-01,36,5,5
1000186,2026-08-01,37,4,2
1000187,2026-03-01,13,0,1
1000187,2026-04-01,13,5,3
1000187,2026-05-01,13,5,2
1000187,2026-06-01,13,3,1
1000187,2026-07-01,14,3,2
1000187,2026-08-01,16,0,2
1000188,2026-03-01,26,5,4
1000188,2026-04-01,26,3,1
1000188,2026-05-01,26,0,1
1000188,2026-06-01,28,2,3
1000188,2026-07-01,24,2,2
1000188,2026-08-01,25,1,5
1000189,2026-03-01,23,2,2
1000189,2026-04-01,24,5,1
1000189,2026-05-01,29,2,1
1000189,2026-06-01,26,4,4
1000189,2026-07-01,28,0,2
1000189,2026-08-01,22,4,3
1000190,2026-03-01,28,2,4
1000190,2026-04-01,29,5,1
1000190,2026-05-01,31,6,3
1000190,2026-06-01,29,4,5
1000190,2026-07-01,30,6,3
1000190,2026-08-01,33,0,1
1000191,2026-03-01,30,3,3
1000191,2026-04-01,26,0,1
1000191,2026-05-01,31,5,4
1000191,2026-06-01,32,0,2
1000191,2026-07-01,30,3,3
1000191,2026-08-01,31,1,1
1000192,2026-03-01,39,3,4
1000192,2026-04-01,44,5,1
1000192,2026-05-01,44,0,2
1000192,2026-06-01,34,3,1
1000192,2026-07-01,40,1,5
1000192,2026-08-01,34,0,1
1000193,2026-03-01,11,2,1
1000193,2026-04-01,11,5,1
1000193,2026-05-01,11,2,5
1000193,2026-06-01,11,0,2
1000193,2026-07-01,10,3,5
1000193,2026-08-01,13,4,3
1000194,2026-03-01,12,2,1
1000194,2026-04-01,14,3,1
1000194,2026-05-01,13,0,5
1000194,2026-06-01,14,2,4
1000194,2026-07-01,15,2,3
1000194,2026-08-01,13,4,1
1000195,2026-03-01,31,2,4
1000195,2026-04-01,30,6,2
1000195,2026-05-01,26,5,3
1000195,2026-06-01,26,6,3
1000195,2026-07-01,31,6,5
1000195,2026-08-01,32,5,4
1000196,2026-03-01,11,3,2
1000196,2026-04-01,13,2,5
1000196,2026-05-01,11,1,2
1000196,2026-06-01,13,6,3
1000196,2026-07-01,11,0,5
1000196,2026-08-01,13,3,2
1000197,2026-03-01,35,0,1
1000197,2026-04-01,29,4,2
1000197,2026-05-01,23,0,5
1000197,2026-06-01,17,4,4
1000197,2026-07-01,11,6,5
1000197,2026-08-01,5,1,5
1000198,2026-03-01,15,6,4
1000198,2026-04-01,14,0,2
1000198,2026-05-01,16,2,1
1000198,2026-06-01,18,3,2
1000198,2026-07-01,17,4,3
1000198,2026-08-01,16,5,4
1000199,2026-03-01,13,6,5
1000199,2026-04-01,12,4,4
1000199,2026-05-01,12,1,3
1000199,2026-06-01,12,0,2
1000199,2026-07-01,14,2,4
1000199,2026-08-01,13,3,4
1000200,2026-03-01,38,6,1
1000200,2026-04-01,36,5,5
1000200,2026-05-01,40,0,1
1000200,2026-06-01,42,3,5
1000200,2026-07-01,43,5,1
1000200,2026-08-01,43,5,4
1000201,2026-03-01,24,5,1
1000201,2026-04-01,23,6,1
1000201,2026-05-01,27,2,3
1000201,2026-06-01,28,5,1
1000201,2026-07-01,23,1,4
1000201,2026-08-01,30,1,3
1000202,2026-03-01,29,5,5
1000202,2026-04-01,24,5,4
1000202,2026-05-01,19,0,5
1000202,2026-06-01,14,4,1
1000202,2026-07-01,9,5,1
1000202,2026-08-01,4,5,1
1000203,2026-03-01,17,0,3
1000203,2026-04-01,19,6,4
1000203,2026-05-01,20,6,3
1000203,2026-06-01,16,0,3
1000203,2026-07-01,15,0,5
1000203,2026-08-01,20,4,1
1000204,2026-03-01,20,6,5
1000204,2026-04-01,21,3,4
1000204,2026-05-01,18,0,1
1000204,2026-06-01,20,0,3
1000204,2026-07-01,23,3,3
1000204,2026-08-01,18,2,4
1000205,2026-03-01,22,1,2
1000205,2026-04-01,23,2,3
1000205,2026-05-01,20,4,2
1000205,2026-06-01,22,5,2
1000205,2026-07-01,19,3,5
1000205,2026-08-01,21,5,3
1000206,2026-03-01,31,6,1
1000206,2026-04-01,26,6,2
1000206,2026-05-01,34,1,4
1000206,2026-06-01,27,1,4
1000206,2026-07-01,30,1,2
1000206,2026-08-01,30,3,5
1000207,2026-03-01,9,6,5
1000207,2026-04-01,8,5,4
1000207,2026-05-01,9,2,2
1000207,2026-06-01,7,2,5
1000207,2026-07-01,10,4,5
1000207,2026-08-01,8,6,4
1000208,2026-03-01,14,4,5
1000208,2026-04-01,16,1,1
1000208,2026-05-01,15,0,4
1000208,2026-06-01,13,1,5
1000208,2026-07-01,15,0,1
1000208,2026-08-01,16,0,3
1000209,2026-03-01,33,1,1
1000209,2026-04-01,30,5,1
1000209,2026-05-01,38,6,4
1000209,2026-06-01,35,3,3
1000209,2026-07-01,33,3,4
1000209,2026-08-01,30,6,2
1000210,2026-03-01,19,6,5
1000210,2026-04-01,15,4,2
1000210,2026-05-01,12,6,2
1000210,2026-06-01,9,4,3
1000210,2026-07-01,6,6,3
1000210,2026-08-01,3,3,3
1000211,2026-03-01,35,0,3
1000211,2026-04-01,29,4,4
1000211,2026-05-01,23,5,1
1000211,2026-06-01,17,0,1
1000211,2026-07-01,11,3,5
1000211,2026-08-01,5,5,3
1000212,2026-03-01,32,2,2
1000212,2026-04-01,38,4,3
1000212,2026-05-01,35,2,5
1000212,2026-06-01,37,1,3
1000212,2026-07-01,37,0,1
1000212,2026-08-01,30,4,1
1000213,2026-03-01,13,6,3
1000213,2026-04-01,10,3,1
1000213,2026-05-01,8,2,3
1000213,2026-06-01,6,4,1
1000213,2026-07-01,4,4,2
1000213,2026-08-01,2,3,5
1000214,2026-03-01,13,1,1
1000214,2026-04-01,12,3,1
1000214,2026-05-01,12,4,4
1000214,2026-06-01,14,2,3
1000214,2026-07-01,13,0,3
1000214,2026-08-01,14,1,5
1000215,2026-03-01,15,5,1
1000215,2026-04-01,15,2,5
1000215,2026-05-01,17,6,2
1000215,2026-06-01,17,5,2
1000215,2026-07-01,15,0,3
1000215,2026-08-01,15,4,2
1000216,2026-03-01,32,4,2
1000216,2026-04-01,38,5,3
1000216,2026-05-01,36,3,2
1000216,2026-06-01,40,2,1
1000216,2026-07-01,37,3,5
1000216,2026-08-01,40,1,5
1000217,2026-03-01,39,6,2
1000217,2026-04-01,35,2,3
1000217,2026-05-01,43,3,1
1000217,2026-06-01,38,2,3
1000217,2026-07-01,40,1,1
1000217,2026-08-01,34,1,4
1000218,2026-03-01,17,5,5
1000218,2026-04-01,14,3,4
1000218,2026-05-01,11,0,3
1000218,2026-06-01,8,2,2
1000218,2026-07-01,5,2,3
1000218,2026-08-01,2,6,5
1000219,2026-03-01,8,5,2
1000219,2026-04-01,10,0,4
1000219,2026-05-01,8,0,4
1000219,2026-06-01,10,5,5
1000219,2026-07-01,9,1,4
1000219,2026-08-01,9,2,5
1000220,2026-03-01,12,1,3
1000220,2026-04-01,11,3,1
1000220,2026-05-01,12,5,1
1000220,2026-06-01,12,4,3
1000220,2026-07-01,11,0,4
1000220,2026-08-01,11,2,5
1000221,2026-03-01,13,5,1
1000221,2026-04-01,16,5,2
1000221,2026-05-01,16,3,3
1000221,2026-06-01,14,6,3
1000221,2026-07-01,14,0,1
1000221,2026-08-01,13,6,1
1000222,2026-03-01,15,6,2
1000222,2026-04-01,12,1,1
1000222,2026-05-01,10,2,2
1000222,2026-06-01,7,3,5
1000222,2026-07-01,5,2,5
1000222,2026-08-01,2,6,4
1000223,2026-03-01,34,6,5
1000223,2026-04-01,44,0,5
1000223,2026-05-01,43,1,3
1000223,2026-06-01,39,6,1
1000223,2026-07-01,42,0,3
1000223,2026-08-01,39,3,2
1000224,2026-03-01,14,1,5
1000224,2026-04-01,14,0,5
1000224,2026-05-01,12,4,1
1000224,2026-06-01,12,2,5
1000224,2026-07-01,14,1,4
1000224,2026-08-01,15,1,2
1000225,2026-03-01,29,3,1
1000225,2026-04-01,29,0,2
1000225,2026-05-01,32,5,1
1000225,2026-06-01,33,2,4
1000225,2026-07-01,34,1,4
1000225,2026-08-01,37,4,4
1000226,2026-03-01,13,1,3
1000226,2026-04-01,14,4,5
1000226,2026-05-01,16,0,4
1000226,2026-06-01,16,3,3
1000226,2026-07-01,14,3,4
1000226,2026-08-01,13,3,4
1000227,2026-03-01,35,2,1
1000227,2026-04-01,36,6,4
1000227,2026-05-01,31,6,3
1000227,2026-06-01,31,3,4
1000227,2026-07-01,33,2,2
1000227,2026-08-01,37,4,1
1000228,2026-03-01,18,0,4
1000228,2026-04-01,16,5,3
1000228,2026-05-01,18,0,2
1000228,2026-06-01,16,1,4
1000228,2026-07-01,20,5,5
1000228,2026-08-01,19,0,4
1000229,2026-03-01,22,6,4
1000229,2026-04-01,18,4,5
1000229,2026-05-01,14,4,4
1000229,2026-06-01,11,6,3
1000229,2026-07-01,7,6,5
1000229,2026-08-01,3,6,3
1000230,2026-03-01,17,4,2
1000230,2026-04-01,17,2,3
1000230,2026-05-01,17,5,3
1000230,2026-06-01,18,1,1
1000230,2026-07-01,16,4,1
1000230,2026-08-01,18,6,4
1000231,2026-03-01,25,1,4
1000231,2026-04-01,24,4,2
1000231,2026-05-01,20,5,2
1000231,2026-06-01,27,3,5
1000231,2026-07-01,25,0,5
1000231,2026-08-01,23,1,3
1000232,2026-03-01,37,2,2
1000232,2026-04-01,38,1,3
1000232,2026-05-01,38,0,4
1000232,2026-06-01,32,6,2
1000232,2026-07-01,32,2,2
1000232,2026-08-01,33,6,4
1000233,2026-03-01,17,1,3
1000233,2026-04-01,14,6,5
1000233,2026-05-01,11,3,3
1000233,2026-06-01,8,4,1
1000233,2026-07-01,5,1,4
1000233,2026-08-01,2,2,3
1000234,2026-03-01,27,5,3
1000234,2026-04-01,23,1,4
1000234,2026-05-01,22,4,2
1000234,2026-06-01,23,6,4
1000234,2026-07-01,24,5,2
1000234,2026-08-01,22,3,5
1000235,2026-03-01,37,6,4
1000235,2026-04-01,30,2,5
1000235,2026-05-01,24,5,2
1000235,2026-06-01,18,0,4
1000235,2026-07-01,12,4,1
1000235,2026-08-01,6,3,4
1000236,2026-03-01,29,3,5
1000236,2026-04-01,31,3,3
1000236,2026-05-01,35,0,4
1000236,2026-06-01,28,5,4
1000236,2026-07-01,32,2,3
1000236,2026-08-01,28,4,5
1000237,2026-03-01,22,4,2
1000237,2026-04-01,22,5,1
1000237,2026-05-01,25,0,2
1000237,2026-06-01,26,0,2
1000237,2026-07-01,25,2,3
1000237,2026-08-01,21,1,4
1000238,2026-03-01,20,0,5
1000238,2026-04-01,27,0,2
1000238,2026-05-01,27,5,2
1000238,2026-06-01,21,2,3
1000238,2026-07-01,21,6,1
1000238,2026-08-01,25,0,3
1000239,2026-03-01,31,6,1
1000239,2026-04-01,34,6,1
1000239,2026-05-01,29,4,3
1000239,2026-06-01,31,5,2
1000239,2026-07-01,35,0,3
1000239,2026-08-01,34,3,5
1000240,2026-03-01,18,4,3
1000240,2026-04-01,20,3,2
1000240,2026-05-01,19,3,1
1000240,2026-06-01,18,1,3
1000240,2026-07-01,16,4,3
1000240,2026-08-01,15,0,5
1000241,2026-03-01,35,4,4
1000241,2026-04-01,28,6,3
1000241,2026-05-01,35,2,1
1000241,2026-06-01,36,3,1
1000241,2026-07-01,31,2,5
1000241,2026-08-01,32,0,1
1000242,2026-03-01,17,5,3
1000242,2026-04-01,14,0,3
1000242,2026-05-01,11,6,2
1000242,2026-06-01,8,6,4
1000242,2026-07-01,5,2,1
1000242,2026-08-01,2,3,2
1000243,2026-03-01,17,4,3
1000243,2026-04-01,17,4,3
1000243,2026-05-01,17,6,2
1000243,2026-06-01,19,2,4
1000243,2026-07-01,20,2,5
1000243,2026-08-01,17,0,2
1000244,2026-03-01,31,2,5
1000244,2026-04-01,33,3,4
1000244,2026-05-01,29,5,2
1000244,2026-06-01,28,1,3
1000244,2026-07-01,31,2,5
1000244,2026-08-01,33,2,3
1000245,2026-03-01,11,5,5
1000245,2026-04-01,10,5,4
1000245,2026-05-01,10,4,3
1000245,2026-06-01,8,2,4
1000245,2026-07-01,9,6,5
1000245,2026-08-01,8,2,5
1000246,2026-03-01,30,1,1
1000246,2026-04-01,26,6,1
1000246,2026-05-01,28,0,2
1000246,2026-06-01,32,4,4
1000246,2026-07-01,26,0,1
1000246,2026-08-01,25,4,5
1000247,2026-03-01,30,4,2
1000247,2026-04-01,33,0,3
1000247,2026-05-01,33,5,4
1000247,2026-06-01,35,6,2
1000247,2026-07-01,34,2,1
1000247,2026-08-01,37,5,1
1000248,2026-03-01,18,4,1
1000248,2026-04-01,15,1,1
1000248,2026-05-01,15,6,4
1000248,2026-06-01,17,4,4
1000248,2026-07-01,16,1,4
1000248,2026-08-01,18,2,5
1000249,2026-03-01,13,3,1
1000249,2026-04-01,10,6,5
1000249,2026-05-01,13,1,3
1000249,2026-06-01,13,1,1
1000249,2026-07-01,11,1,1
1000249,2026-08-01,13,0,5
1000250,2026-03-01,33,1,5
1000250,2026-04-01,31,3,1
1000250,2026-05-01,30,5,2
1000250,2026-06-01,31,1,5
1000250,2026-07-01,40,3,2
1000250,2026-08-01,30,1,3
1000251,2026-03-01,30,3,1
1000251,2026-04-01,36,5,2
1000251,2026-05-01,35,6,5
1000251,2026-06-01,36,5,1
1000251,2026-07-01,30,1,2
1000251,2026-08-01,28,6,4
1000252,2026-03-01,25,4,1
1000252,2026-04-01,28,1,4
1000252,2026-05-01,30,3,2
1000252,2026-06-01,27,0,2
1000252,2026-07-01,31,0,4
1000252,2026-08-01,27,4,3
1000253,2026-03-01,29,3,2
1000253,2026-04-01,24,3,3
1000253,2026-05-01,25,2,5
1000253,2026-06-01,27,5,5
1000253,2026-07-01,27,3,5
1000253,2026-08-01,24,1,5
1000254,2026-03-01,35,4,4
1000254,2026-04-01,36,6,5
1000254,2026-05-01,37,2,4
1000254,2026-06-01,38,4,5
1000254,2026-07-01,39,0,4
1000254,2026-08-01,39,1,1
1000255,2026-03-01,9,4,2
1000255,2026-04-01,9,5,3
1000255,2026-05-01,7,5,5
1000255,2026-06-01,9,5,3
1000255,2026-07-01,9,2,5
1000255,2026-08-01,8,0,4
1000256,2026-03-01,19,0,3
1000256,2026-04-01,22,2,2
1000256,2026-05-01,18,5,2
1000256,2026-06-01,18,3,5
1000256,2026-07-01,21,6,4
1000256,2026-08-01,24,4,1
1000257,2026-03-01,33,0,4
1000257,2026-04-01,34,5,3
1000257,2026-05-01,34,3,2
1000257,2026-06-01,31,5,3
1000257,2026-07-01,32,4,4
1000257,2026-08-01,34,1,2
1000258,2026-03-01,20,6,1
1000258,2026-04-01,16,1,1
1000258,2026-05-01,13,6,4
1000258,2026-06-01,10,2,3
1000258,2026-07-01,6,1,2
1000258,2026-08-01,3,0,1
1000259,2026-03-01,15,1,4
1000259,2026-04-01,16,6,2
1000259,2026-05-01,16,5,5
1000259,2026-06-01,15,5,3
1000259,2026-07-01,15,0,4
1000259,2026-08-01,17,5,3
1000260,2026-03-01,18,4,3
1000260,2026-04-01,15,0,4
1000260,2026-05-01,12,5,3
1000260,2026-06-01,9,6,3
1000260,2026-07-01,6,2,5
1000260,2026-08-01,3,6,3
1000261,2026-03-01,22,6,5
1000261,2026-04-01,28,2,4
1000261,2026-05-01,26,2,4
1000261,2026-06-01,27,2,5
1000261,2026-07-01,21,4,3
1000261,2026-08-01,24,6,3
1000262,2026-03-01,7,2,3
1000262,2026-04-01,7,2,4
1000262,2026-05-01,7,4,3
1000262,2026-06-01,7,1,1
1000262,2026-07-01,7,3,3
1000262,2026-08-01,7,1,4
1000263,2026-03-01,7,3,1
1000263,2026-04-01,7,0,3
1000263,2026-05-01,7,1,4
1000263,2026-06-01,8,1,2
1000263,2026-07-01,7,2,1
1000263,2026-08-01,8,6,5
1000264,2026-03-01,9,5,3
1000264,2026-04-01,7,2,2
1000264,2026-05-01,6,5,4
1000264,2026-06-01,4,5,3
1000264,2026-07-01,3,5,2
1000264,2026-08-01,1,1,4
1000265,2026-03-01,34,0,2
1000265,2026-04-01,33,3,4
1000265,2026-05-01,35,3,5
1000265,2026-06-01,32,0,3
1000265,2026-07-01,35,4,3
1000265,2026-08-01,28,3,5
1000266,2026-03-01,15,6,3
1000266,2026-04-01,14,2,4
1000266,2026-05-01,12,4,1
1000266,2026-06-01,14,4,5
1000266,2026-07-01,15,2,4
1000266,2026-08-01,14,2,3
1000267,2026-03-01,21,0,3
1000267,2026-04-01,24,2,4
1000267,2026-05-01,25,6,1
1000267,2026-06-01,22,4,4
1000267,2026-07-01,28,3,3
1000267,2026-08-01,24,5,3
1000268,2026-03-01,21,4,1
1000268,2026-04-01,17,5,1
1000268,2026-05-01,14,3,1
1000268,2026-06-01,10,3,2
1000268,2026-07-01,7,2,3
1000268,2026-08-01,3,2,2
1000269,2026-03-01,25,6,2
1000269,2026-04-01,23,5,1
1000269,2026-05-01,24,1,4
1000269,2026-06-01,21,1,1
1000269,2026-07-01,25,1,1
1000269,2026-08-01,21,6,1
1000270,2026-03-01,35,2,4
1000270,2026-04-01,44,1,3
1000270,2026-05-01,44,6,5
1000270,2026-06-01,40,6,5
1000270,2026-07-01,43,4,1
1000270,2026-08-01,39,6,2
1000271,2026-03-01,14,6,2
1000271,2026-04-01,14,6,1
1000271,2026-05-01,14,2,2
1000271,2026-06-01,14,0,3
1000271,2026-07-01,14,6,3
1000271,2026-08-01,14,3,2
1000272,2026-03-01,8,1,1
1000272,2026-04-01,9,3,1
1000272,2026-05-01,9,5,4
1000272,2026-06-01,10,4,1
1000272,2026-07-01,8,2,3
1000272,2026-08-01,9,1,2
1000273,2026-03-01,42,3,4
1000273,2026-04-01,43,3,4
1000273,2026-05-01,41,1,1
1000273,2026-06-01,34,2,1
1000273,2026-07-01,40,4,2
1000273,2026-08-01,45,4,5
1000274,2026-03-01,34,3,2
1000274,2026-04-01,28,0,2
1000274,2026-05-01,22,1,1
1000274,2026-06-01,17,1,1
1000274,2026-07-01,11,0,1
1000274,2026-08-01,5,5,1
1000275,2026-03-01,37,5,1
1000275,2026-04-01,39,5,1
1000275,2026-05-01,35,3,2
1000275,2026-06-01,38,5,1
1000275,2026-07-01,32,4,5
1000275,2026-08-01,37,0,4
1000276,2026-03-01,32,1,1
1000276,2026-04-01,31,0,4
1000276,2026-05-01,32,0,5
1000276,2026-06-01,35,1,2
1000276,2026-07-01,32,0,3
1000276,2026-08-01,34,3,2
1000277,2026-03-01,33,2,5
1000277,2026-04-01,32,5,2
1000277,2026-05-01,29,3,1
1000277,2026-06-01,34,3,1
1000277,2026-07-01,33,2,3
1000277,2026-08-01,30,0,2
1000278,2026-03-01,25,1,4
1000278,2026-04-01,33,1,3
1000278,2026-05-01,32,1,3
1000278,2026-06-01,28,6,1
1000278,2026-07-01,32,4,5
1000278,2026-08-01,32,3,3
1000279,2026-03-01,39,1,1
1000279,2026-04-01,36,3,1
1000279,2026-05-01,31,3,1
1000279,2026-06-01,37,5,2
1000279,2026-07-01,36,1,4
1000279,2026-08-01,35,1,3
1000280,2026-03-01,14,5,3
1000280,2026-04-01,16,1,3
1000280,2026-05-01,13,3,1
1000280,2026-06-01,17,5,5
1000280,2026-07-01,16,3,5
1000280,2026-08-01,16,0,4
1000281,2026-03-01,38,2,4
1000281,2026-04-01,36,2,3
1000281,2026-05-01,41,0,3
1000281,2026-06-01,39,2,2
1000281,2026-07-01,39,5,2
1000281,2026-08-01,34,4,2
1000282,2026-03-01,11,4,3
1000282,2026-04-01,9,6,2
1000282,2026-05-01,7,5,3
1000282,2026-06-01,5,3,3
1000282,2026-07-01,3,2,2
1000282,2026-08-01,1,6,5
1000283,2026-03-01,38,4,5
1000283,2026-04-01,38,5,2
1000283,2026-05-01,38,3,2
1000283,2026-06-01,38,2,5
1000283,2026-07-01,44,4,1
1000283,2026-08-01,36,6,5
1000284,2026-03-01,15,0,4
1000284,2026-04-01,16,1,5
1000284,2026-05-01,14,6,4
1000284,2026-06-01,14,2,5
1000284,2026-07-01,15,6,2
1000284,2026-08-01,16,1,3
1000285,2026-03-01,17,5,5
1000285,2026-04-01,19,5,1
1000285,2026-05-01,16,1,2
1000285,2026-06-01,16,1,1
1000285,2026-07-01,15,1,2
1000285,2026-08-01,17,3,1
1000286,2026-03-01,29,2,1
1000286,2026-04-01,29,4,2
1000286,2026-05-01,31,6,4
1000286,2026-06-01,30,2,3
1000286,2026-07-01,29,3,1
1000286,2026-08-01,29,3,5
1000287,2026-03-01,16,3,1
1000287,2026-04-01,17,4,1
1000287,2026-05-01,17,0,5
1000287,2026-06-01,14,2,1
1000287,2026-07-01,15,3,5
1000287,2026-08-01,15,2,1
1000288,2026-03-01,24,1,2
1000288,2026-04-01,20,5,4
1000288,2026-05-01,16,3,5
1000288,2026-06-01,12,2,3
1000288,2026-07-01,8,1,2
1000288,2026-08-01,4,4,5
1000289,2026-03-01,7,6,4
1000289,2026-04-01,7,2,5
1000289,2026-05-01,6,2,1
1000289,2026-06-01,8,6,2
1000289,2026-07-01,7,0,5
1000289,2026-08-01,7,0,3
1000290,2026-03-01,26,1,2
1000290,2026-04-01,26,5,1
1000290,2026-05-01,29,1,1
1000290,2026-06-01,31,6,3
1000290,2026-07-01,27,0,4
1000290,2026-08-01,28,2,1
1000291,2026-03-01,13,1,1
1000291,2026-04-01,14,4,1
1000291,2026-05-01,13,4,3
1000291,2026-06-01,14,6,5
1000291,2026-07-01,15,2,3
1000291,2026-08-01,15,4,2
1000292,2026-03-01,29,0,5
1000292,2026-04-01,24,1,3
1000292,2026-05-01,19,4,4
1000292,2026-06-01,14,6,3
1000292,2026-07-01,9,0,4
1000292,2026-08-01,4,4,5
1000293,2026-03-01,31,1,5
1000293,2026-04-01,41,5,1
1000293,2026-05-01,32,4,4
1000293,2026-06-01,38,4,5
1000293,2026-07-01,40,3,4
1000293,2026-08-01,34,2,2
1000294,2026-03-01,8,0,2
1000294,2026-04-01,8,6,5
1000294,2026-05-01,10,0,1
1000294,2026-06-01,8,6,3
1000294,2026-07-01,10,0,4
1000294,2026-08-01,9,2,3
1000295,2026-03-01,15,1,5
1000295,2026-04-01,16,6,4
1000295,2026-05-01,16,2,3
1000295,2026-06-01,17,4,1
1000295,2026-07-01,18,0,1
1000295,2026-08-01,16,2,2
1000296,2026-03-01,28,0,3
1000296,2026-04-01,23,3,2
1000296,2026-05-01,18,5,2
1000296,2026-06-01,14,6,3
1000296,2026-07-01,9,3,2
1000296,2026-08-01,4,4,4
1000297,2026-03-01,31,5,1
1000297,2026-04-01,31,6,2
1000297,2026-05-01,30,1,1
1000297,2026-06-01,30,1,3
1000297,2026-07-01,24,1,5
1000297,2026-08-01,27,6,1
1000298,2026-03-01,17,0,1
1000298,2026-04-01,23,0,4
1000298,2026-05-01,18,6,5
1000298,2026-06-01,20,4,2
1000298,2026-07-01,23,4,3
1000298,2026-08-01,17,5,2
1000299,2026-03-01,34,6,2
1000299,2026-04-01,31,0,4
1000299,2026-05-01,30,6,3
1000299,2026-06-01,33,3,4
1000299,2026-07-01,38,5,3
1000299,2026-08-01,36,2,2
1000300,2026-03-01,36,4,5
1000300,2026-04-01,34,5,3
1000300,2026-05-01,34,6,1
1000300,2026-06-01,34,0,4
1000300,2026-07-01,34,3,2
1000300,2026-08-01,33,2,4
1000301,2026-03-01,41,0,5
1000301,2026-04-01,38,2,5
1000301,2026-05-01,41,3,2
1000301,2026-06-01,37,6,2
1000301,2026-07-01,36,2,4
1000301,2026-08-01,40,1,2
1000302,2026-03-01,16,5,5
1000302,2026-04-01,20,2,3
1000302,2026-05-01,16,0,1
1000302,2026-06-01,20,0,5
1000302,2026-07-01,18,3,3
1000302,2026-08-01,19,0,1
1000303,2026-03-01,10,1,1
1000303,2026-04-01,8,3,2
1000303,2026-05-01,6,5,1
1000303,2026-06-01,5,4,5
1000303,2026-07-01,3,1,1
1000303,2026-08-01,1,2,3
1000304,2026-03-01,23,6,1
1000304,2026-04-01,20,0,4
1000304,2026-05-01,21,4,4
1000304,2026-06-01,20,1,2
1000304,2026-07-01,21,6,4
1000304,2026-08-01,26,1,2
1000305,2026-03-01,37,5,3
1000305,2026-04-01,34,6,3
1000305,2026-05-01,38,5,5
1000305,2026-06-01,36,0,2
1000305,2026-07-01,30,1,4
1000305,2026-08-01,34,4,5
1000306,2026-03-01,26,2,4
1000306,2026-04-01,28,5,5
1000306,2026-05-01,23,4,1
1000306,2026-06-01,28,1,5
1000306,2026-07-01,24,3,5
1000306,2026-08-01,26,3,3
1000307,2026-03-01,14,4,2
1000307,2026-04-01,17,1,5
1000307,2026-05-01,14,0,2
1000307,2026-06-01,16,2,4
1000307,2026-07-01,16,5,5
1000307,2026-08-01,17,0,3
1000308,2026-03-01,14,0,2
1000308,2026-04-01,16,2,1
1000308,2026-05-01,13,3,2
1000308,2026-06-01,14,1,1
1000308,2026-07-01,18,2,1
1000308,2026-08-01,17,0,5
1000309,2026-03-01,31,0,1
1000309,2026-04-01,25,2,5
1000309,2026-05-01,20,1,2
1000309,2026-06-01,15,6,3
1000309,2026-07-01,10,0,3
1000309,2026-08-01,5,1,1
1000310,2026-03-01,13,0,5
1000310,2026-04-01,10,3,1
1000310,2026-05-01,8,6,4
1000310,2026-06-01,6,5,2
1000310,2026-07-01,4,5,2
1000310,2026-08-01,2,3,5
1000311,2026-03-01,14,6,5
1000311,2026-04-01,15,2,4
1000311,2026-05-01,13,1,4
1000311,2026-06-01,13,4,1
1000311,2026-07-01,15,3,1
1000311,2026-08-01,14,2,1
1000312,2026-03-01,34,5,3
1000312,2026-04-01,33,0,3
1000312,2026-05-01,36,0,3
1000312,2026-06-01,41,3,3
1000312,2026-07-01,42,2,1
1000312,2026-08-01,32,4,1
1000313,2026-03-01,33,1,3
1000313,2026-04-01,27,3,3
1000313,2026-05-01,22,0,2
1000313,2026-06-01,16,6,3
1000313,2026-07-01,11,5,3
1000313,2026-08-01,5,4,2
1000314,2026-03-01,18,4,1
1000314,2026-04-01,24,6,1
1000314,2026-05-01,25,0,1
1000314,2026-06-01,24,0,1
1000314,2026-07-01,22,5,5
1000314,2026-08-01,22,1,2
1000315,2026-03-01,17,4,2
1000315,2026-04-01,13,3,1
1000315,2026-05-01,13,5,2
1000315,2026-06-01,16,3,2
1000315,2026-07-01,13,4,3
1000315,2026-08-01,14,3,2
1000316,2026-03-01,12,5,3
1000316,2026-04-01,10,2,5
1000316,2026-05-01,8,4,1
1000316,2026-06-01,6,6,3
1000316,2026-07-01,4,1,1
1000316,2026-08-01,2,1,4
1000317,2026-03-01,30,2,4
1000317,2026-04-01,37,4,1
1000317,2026-05-01,39,0,2
1000317,2026-06-01,38,5,1
1000317,2026-07-01,37,4,5
1000317,2026-08-01,30,1,1
1000318,2026-03-01,32,4,5
1000318,2026-04-01,29,4,5
1000318,2026-05-01,34,5,4
1000318,2026-06-01,29,2,1
1000318,2026-07-01,30,5,4
1000318,2026-08-01,30,3,5
1000319,2026-03-01,20,0,3
1000319,2026-04-01,16,6,1
1000319,2026-05-01,13,2,5
1000319,2026-06-01,10,3,2
1000319,2026-07-01,6,6,2
1000319,2026-08-01,3,5,3
1000320,2026-03-01,35,1,2
1000320,2026-04-01,31,4,2
1000320,2026-05-01,32,1,2
1000320,2026-06-01,29,3,3
1000320,2026-07-01,33,2,1
1000320,2026-08-01,35,4,5
1000321,2026-03-01,25,4,1
1000321,2026-04-01,29,0,3
1000321,2026-05-01,26,3,4
1000321,2026-06-01,33,3,2
1000321,2026-07-01,28,3,1
1000321,2026-08-01,33,0,4
1000322,2026-03-01,34,3,4
1000322,2026-04-01,28,4,4
1000322,2026-05-01,22,3,5
1000322,2026-06-01,17,5,5
1000322,2026-07-01,11,2,2
1000322,2026-08-01,5,2,1
1000323,2026-03-01,27,5,3
1000323,2026-04-01,27,2,3
1000323,2026-05-01,36,2,5
1000323,2026-06-01,27,3,3
1000323,2026-07-01,32,3,5
1000323,2026-08-01,33,1,3
1000324,2026-03-01,41,3,5
1000324,2026-04-01,37,0,5
1000324,2026-05-01,44,2,3
1000324,2026-06-01,41,1,3
1000324,2026-07-01,42,0,3
1000324,2026-08-01,39,5,5
1000325,2026-03-01,13,4,4
1000325,2026-04-01,13,2,2
1000325,2026-05-01,11,5,5
1000325,2026-06-01,10,1,4
1000325,2026-07-01,11,2,3
1000325,2026-08-01,12,3,1
1000326,2026-03-01,9,4,2
1000326,2026-04-01,9,2,5
1000326,2026-05-01,11,0,1
1000326,2026-06-01,10,6,2
1000326,2026-07-01,11,6,5
1000326,2026-08-01,8,4,1
1000327,2026-03-01,13,3,3
1000327,2026-04-01,12,2,2
1000327,2026-05-01,12,2,2
1000327,2026-06-01,11,5,3
1000327,2026-07-01,13,3,5
1000327,2026-08-01,12,4,1
1000328,2026-03-01,34,6,4
1000328,2026-04-01,30,0,1
1000328,2026-05-01,29,3,4
1000328,2026-06-01,37,2,4
1000328,2026-07-01,34,2,5
1000328,2026-08-01,38,4,4
1000329,2026-03-01,34,5,5
1000329,2026-04-01,38,6,1
1000329,2026-05-01,37,6,2
1000329,2026-06-01,31,5,1
1000329,2026-07-01,34,0,5
1000329,2026-08-01,37,1,3
1000330,2026-03-01,31,4,5
1000330,2026-04-01,27,2,5
1000330,2026-05-01,32,3,3
1000330,2026-06-01,31,5,1
1000330,2026-07-01,30,3,3
1000330,2026-08-01,31,3,1
1000331,2026-03-01,33,4,2
1000331,2026-04-01,33,5,2
1000331,2026-05-01,29,6,1
1000331,2026-06-01,32,5,4
1000331,2026-07-01,30,1,2
1000331,2026-08-01,32,0,5
1000332,2026-03-01,28,6,1
1000332,2026-04-01,23,5,3
1000332,2026-05-01,28,2,2
1000332,2026-06-01,24,0,2
1000332,2026-07-01,27,1,1
1000332,2026-08-01,22,4,1
1000333,2026-03-01,10,5,3
1000333,2026-04-01,8,2,3
1000333,2026-05-01,6,5,2
1000333,2026-06-01,5,4,2
1000333,2026-07-01,3,5,3
1000333,2026-08-01,1,3,1
1000334,2026-03-01,23,1,3
1000334,2026-04-01,27,5,4
1000334,2026-05-01,26,1,1
1000334,2026-06-01,30,1,3
1000334,2026-07-01,30,5,2
1000334,2026-08-01,25,0,4
1000335,2026-03-01,29,1,5
1000335,2026-04-01,31,0,1
1000335,2026-05-01,29,4,1
1000335,2026-06-01,28,5,4
1000335,2026-07-01,27,1,5
1000335,2026-08-01,24,3,2
1000336,2026-03-01,23,0,2
1000336,2026-04-01,23,1,2
1000336,2026-05-01,23,2,3
1000336,2026-06-01,23,1,5
1000336,2026-07-01,21,5,5
1000336,2026-08-01,22,1,5
1000337,2026-03-01,35,1,1
1000337,2026-04-01,38,3,4
1000337,2026-05-01,34,0,4
1000337,2026-06-01,35,2,4
1000337,2026-07-01,34,6,1
1000337,2026-08-01,37,3,4
1000338,2026-03-01,14,2,1
1000338,2026-04-01,16,0,5
1000338,2026-05-01,15,1,4
1000338,2026-06-01,14,4,5
1000338,2026-07-01,14,2,4
1000338,2026-08-01,15,1,3
1000339,2026-03-01,14,3,1
1000339,2026-04-01,13,6,3
1000339,2026-05-01,16,2,5
1000339,2026-06-01,13,4,1
1000339,2026-07-01,16,2,1
1000339,2026-08-01,17,4,2
1000340,2026-03-01,32,3,4
1000340,2026-04-01,26,6,1
1000340,2026-05-01,21,6,3
1000340,2026-06-01,16,2,1
1000340,2026-07-01,10,5,5
1000340,2026-08-01,5,5,1
1000341,2026-03-01,19,4,5
1000341,2026-04-01,15,6,1
1000341,2026-05-01,12,6,4
1000341,2026-06-01,9,2,3
1000341,2026-07-01,6,0,5
1000341,2026-08-01,3,0,4
1000342,2026-03-01,15,1,3
1000342,2026-04-01,12,5,2
1000342,2026-05-01,10,1,2
1000342,2026-06-01,7,0,1
1000342,2026-07-01,5,3,4
1000342,2026-08-01,2,5,5
1000343,2026-03-01,15,2,3
1000343,2026-04-01,17,6,3
1000343,2026-05-01,15,3,3
1000343,2026-06-01,18,0,4
1000343,2026-07-01,19,1,1
1000343,2026-08-01,15,0,4
1000344,2026-03-01,38,3,2
1000344,2026-04-01,40,6,4
1000344,2026-05-01,33,6,4
1000344,2026-06-01,38,1,5
1000344,2026-07-01,37,2,2
1000344,2026-08-01,42,1,2
1000345,2026-03-01,16,1,3
1000345,2026-04-01,16,2,2
1000345,2026-05-01,18,6,1
1000345,2026-06-01,17,4,1
1000345,2026-07-01,14,6,2
1000345,2026-08-01,14,0,2
1000346,2026-03-01,25,1,3
1000346,2026-04-01,21,1,3
1000346,2026-05-01,20,1,1
1000346,2026-06-01,21,2,4
1000346,2026-07-01,21,2,4
1000346,2026-08-01,25,6,3
1000347,2026-03-01,37,3,5
1000347,2026-04-01,36,1,3
1000347,2026-05-01,29,6,1
1000347,2026-06-01,33,4,1
1000347,2026-07-01,33,4,2
1000347,2026-08-01,32,4,4
1000348,2026-03-01,34,2,2
1000348,2026-04-01,26,2,4
1000348,2026-05-01,26,2,5
1000348,2026-06-01,34,6,5
1000348,2026-07-01,27,4,3
1000348,2026-08-01,31,6,3
1000349,2026-03-01,18,6,3
1000349,2026-04-01,15,4,5
1000349,2026-05-01,12,5,5
1000349,2026-06-01,9,6,4
1000349,2026-07-01,6,3,3
1000349,2026-08-01,3,5,5
1000350,2026-03-01,12,5,2
1000350,2026-04-01,13,5,4
1000350,2026-05-01,12,6,3
1000350,2026-06-01,13,0,4
1000350,2026-07-01,12,5,5
1000350,2026-08-01,11,6,2
1000351,2026-03-01,39,3,4
1000351,2026-04-01,42,5,1
1000351,2026-05-01,45,0,3
1000351,2026-06-01,35,2,3
1000351,2026-07-01,43,0,1
1000351,2026-08-01,34,5,2
1000352,2026-03-01,12,4,2
1000352,2026-04-01,14,2,4
1000352,2026-05-01,13,3,5
1000352,2026-06-01,13,2,4
1000352,2026-07-01,13,1,5
1000352,2026-08-01,14,5,1
1000353,2026-03-01,8,2,4
1000353,2026-04-01,6,1,5
1000353,2026-05-01,5,6,3
1000353,2026-06-01,4,0,3
1000353,2026-07-01,2,3,5
1000353,2026-08-01,1,6,3
1000354,2026-03-01,29,0,5
1000354,2026-04-01,26,6,2
1000354,2026-05-01,32,3,3
1000354,2026-06-01,27,0,2
1000354,2026-07-01,27,6,4
1000354,2026-08-01,29,2,5
1000355,2026-03-01,11,3,4
1000355,2026-04-01,11,5,2
1000355,2026-05-01,10,0,5
1000355,2026-06-01,11,0,5
1000355,2026-07-01,12,5,3
1000355,2026-08-01,10,4,2
1000356,2026-03-01,34,4,4
1000356,2026-04-01,38,2,2
1000356,2026-05-01,29,2,5
1000356,2026-06-01,31,4,1
1000356,2026-07-01,38,1,3
1000356,2026-08-01,29,6,1
1000357,2026-03-01,16,2,3
1000357,2026-04-01,13,1,4
1000357,2026-05-01,12,0,1
1000357,2026-06-01,13,2,3
1000357,2026-07-01,14,1,1
1000357,2026-08-01,12,3,3
1000358,2026-03-01,11,1,2
1000358,2026-04-01,11,6,2
1000358,2026-05-01,12,3,5
1000358,2026-06-01,10,0,1
1000358,2026-07-01,12,3,5
1000358,2026-08-01,13,4,3
1000359,2026-03-01,15,3,1
1000359,2026-04-01,14,2,1
1000359,2026-05-01,13,0,4
1000359,2026-06-01,13,6,2
1000359,2026-07-01,14,5,4
1000359,2026-08-01,14,2,5
1000360,2026-03-01,22,1,4
1000360,2026-04-01,24,6,1
1000360,2026-05-01,21,2,5
1000360,2026-06-01,20,4,1
1000360,2026-07-01,25,6,4
1000360,2026-08-01,21,3,1
1000361,2026-03-01,18,3,3
1000361,2026-04-01,18,4,1
1000361,2026-05-01,17,4,5
1000361,2026-06-01,21,6,4
1000361,2026-07-01,22,6,2
1000361,2026-08-01,17,2,4
1000362,2026-03-01,35,3,3
1000362,2026-04-01,42,3,5
1000362,2026-05-01,35,3,2
1000362,2026-06-01,42,1,1
1000362,2026-07-01,32,2,5
1000362,2026-08-01,33,5,3
1000363,2026-03-01,37,3,3
1000363,2026-04-01,30,3,2
1000363,2026-05-01,24,0,3
1000363,2026-06-01,18,5,4
1000363,2026-07-01,12,1,3
1000363,2026-08-01,6,2,3
1000364,2026-03-01,12,1,5
1000364,2026-04-01,12,5,1
1000364,2026-05-01,11,4,1
1000364,2026-06-01,13,1,2
1000364,2026-07-01,10,5,5
1000364,2026-08-01,12,2,4
1000365,2026-03-01,34,1,4
1000365,2026-04-01,32,4,4
1000365,2026-05-01,33,3,3
1000365,2026-06-01,28,4,1
1000365,2026-07-01,32,1,2
1000365,2026-08-01,30,4,2
1000366,2026-03-01,20,0,5
1000366,2026-04-01,25,1,5
1000366,2026-05-01,27,2,2
1000366,2026-06-01,27,2,4
1000366,2026-07-01,22,3,2
1000366,2026-08-01,24,6,1
1000367,2026-03-01,21,3,5
1000367,2026-04-01,17,5,5
1000367,2026-05-01,14,5,2
1000367,2026-06-01,10,3,4
1000367,2026-07-01,7,0,4
1000367,2026-08-01,3,1,5
1000368,2026-03-01,42,4,4
1000368,2026-04-01,45,2,3
1000368,2026-05-01,34,5,2
1000368,2026-06-01,38,1,2
1000368,2026-07-01,45,0,3
1000368,2026-08-01,34,0,1
1000369,2026-03-01,17,6,3
1000369,2026-04-01,19,6,5
1000369,2026-05-01,15,6,1
1000369,2026-06-01,18,2,4
1000369,2026-07-01,16,0,1
1000369,2026-08-01,16,2,4
1000370,2026-03-01,16,0,1
1000370,2026-04-01,19,2,3
1000370,2026-05-01,18,2,5
1000370,2026-06-01,16,4,5
1000370,2026-07-01,16,2,5
1000370,2026-08-01,19,2,1
1000371,2026-03-01,37,5,5
1000371,2026-04-01,40,3,5
1000371,2026-05-01,38,3,4
1000371,2026-06-01,41,6,1
1000371,2026-07-01,38,6,5
1000371,2026-08-01,34,1,4
1000372,2026-03-01,33,3,2
1000372,2026-04-01,29,3,5
1000372,2026-05-01,32,0,5
1000372,2026-06-01,32,2,1
1000372,2026-07-01,32,2,1
1000372,2026-08-01,34,6,3
1000373,2026-03-01,34,4,3
1000373,2026-04-01,28,6,1
1000373,2026-05-01,22,0,3
1000373,2026-06-01,17,6,5
1000373,2026-07-01,11,6,4
1000373,2026-08-01,5,5,5
1000374,2026-03-01,12,1,3
1000374,2026-04-01,13,0,2
1000374,2026-05-01,11,3,5
1000374,2026-06-01,12,3,3
1000374,2026-07-01,11,2,2
1000374,2026-08-01,11,2,2
1000375,2026-03-01,32,1,4
1000375,2026-04-01,35,3,5
1000375,2026-05-01,32,6,5
1000375,2026-06-01,33,6,1
1000375,2026-07-01,37,0,1
1000375,2026-08-01,29,4,4
1000376,2026-03-01,33,1,4
1000376,2026-04-01,35,0,4
1000376,2026-05-01,40,5,3
1000376,2026-06-01,35,6,4
1000376,2026-07-01,34,6,2
1000376,2026-08-01,39,3,5
1000377,2026-03-01,28,0,2
1000377,2026-04-01,25,0,4
1000377,2026-05-01,24,2,5
1000377,2026-06-01,26,4,3
1000377,2026-07-01,29,5,2
1000377,2026-08-01,25,3,3
1000378,2026-03-01,24,2,3
1000378,2026-04-01,27,5,2
1000378,2026-05-01,32,1,3
1000378,2026-06-01,29,3,5
1000378,2026-07-01,30,0,2
1000378,2026-08-01,32,0,3
1000379,2026-03-01,42,5,5
1000379,2026-04-01,40,2,2
1000379,2026-05-01,41,1,3
1000379,2026-06-01,36,2,5
1000379,2026-07-01,38,4,2
1000379,2026-08-01,41,6,2
1000380,2026-03-01,18,5,2
1000380,2026-04-01,20,1,5
1000380,2026-05-01,22,4,5
1000380,2026-06-01,22,4,3
1000380,2026-07-01,19,4,4
1000380,2026-08-01,20,5,2
1000381,2026-03-01,18,4,5
1000381,2026-04-01,18,5,3
1000381,2026-05-01,18,3,1
1000381,2026-06-01,19,6,1
1000381,2026-07-01,18,3,5
1000381,2026-08-01,19,6,3
1000382,2026-03-01,31,0,4
1000382,2026-04-01,30,0,4
1000382,2026-05-01,35,3,4
1000382,2026-06-01,34,6,3
1000382,2026-07-01,29,3,3
1000382,2026-08-01,30,1,3
1000383,2026-03-01,7,6,2
1000383,2026-04-01,10,1,3
1000383,2026-05-01,8,5,4
1000383,2026-06-01,8,1,3
1000383,2026-07-01,7,4,4
1000383,2026-08-01,7,3,4
1000384,2026-03-01,12,6,1
1000384,2026-04-01,14,0,4
1000384,2026-05-01,14,4,2
1000384,2026-06-01,13,1,4
1000384,2026-07-01,14,1,5
1000384,2026-08-01,14,2,1
1000385,2026-03-01,31,6,4
1000385,2026-04-01,25,0,1
1000385,2026-05-01,30,2,2
1000385,2026-06-01,30,6,4
1000385,2026-07-01,32,0,4
1000385,2026-08-01,30,0,2
1000386,2026-03-01,21,6,3
1000386,2026-04-01,25,0,4
1000386,2026-05-01,21,3,5
1000386,2026-06-01,20,2,3
1000386,2026-07-01,22,4,3
1000386,2026-08-01,24,3,1
1000387,2026-03-01,8,5,4
1000387,2026-04-01,8,5,1
1000387,2026-05-01,8,4,2
1000387,2026-06-01,7,4,4
1000387,2026-07-01,8,5,3
1000387,2026-08-01,10,2,2
1000388,2026-03-01,36,1,1
1000388,2026-04-01,37,2,1
1000388,2026-05-01,43,0,1
1000388,2026-06-01,34,0,1
1000388,2026-07-01,40,5,5
1000388,2026-08-01,37,1,3
1000389,2026-03-01,11,2,4
1000389,2026-04-01,11,0,3
1000389,2026-05-01,11,5,5
1000389,2026-06-01,12,6,2
1000389,2026-07-01,9,6,1
1000389,2026-08-01,11,3,5
1000390,2026-03-01,10,1,1
1000390,2026-04-01,9,6,4
1000390,2026-05-01,11,6,5
1000390,2026-06-01,12,1,2
1000390,2026-07-01,10,2,5
1000390,2026-08-01,9,1,3
1000391,2026-03-01,17,1,3
1000391,2026-04-01,20,2,4
1000391,2026-05-01,18,6,2
1000391,2026-06-01,17,4,3
1000391,2026-07-01,20,0,4
1000391,2026-08-01,18,0,5
1000392,2026-03-01,14,6,2
1000392,2026-04-01,11,5,2
1000392,2026-05-01,9,4,5
1000392,2026-06-01,7,0,2
1000392,2026-07-01,4,3,3
1000392,2026-08-01,2,1,4
1000393,2026-03-01,32,0,2
1000393,2026-04-01,31,4,3
1000393,2026-05-01,31,4,5
1000393,2026-06-01,30,6,5
1000393,2026-07-01,29,6,2
1000393,2026-08-01,30,0,2
1000394,2026-03-01,22,1,5
1000394,2026-04-01,21,4,2
1000394,2026-05-01,19,0,5
1000394,2026-06-01,18,2,1
1000394,2026-07-01,22,4,5
1000394,2026-08-01,20,3,4
1000395,2026-03-01,22,2,4
1000395,2026-04-01,22,3,5
1000395,2026-05-01,28,5,5
1000395,2026-06-01,29,6,4
1000395,2026-07-01,29,0,2
1000395,2026-08-01,23,6,5
1000396,2026-03-01,9,6,4
1000396,2026-04-01,7,5,5
1000396,2026-05-01,6,3,2
1000396,2026-06-01,4,4,3
1000396,2026-07-01,3,2,1
1000396,2026-08-01,1,0,1
1000397,2026-03-01,12,1,3
1000397,2026-04-01,10,5,3
1000397,2026-05-01,13,1,4
1000397,2026-06-01,11,4,1
1000397,2026-07-01,12,5,4
1000397,2026-08-01,10,6,4
1000398,2026-03-01,18,5,4
1000398,2026-04-01,17,3,3
1000398,2026-05-01,19,5,5
1000398,2026-06-01,15,1,5
1000398,2026-07-01,18,2,5
1000398,2026-08-01,19,1,4
1000399,2026-03-01,17,1,1
1000399,2026-04-01,14,2,2
1000399,2026-05-01,11,4,4
1000399,2026-06-01,8,4,3
1000399,2026-07-01,5,6,2
1000399,2026-08-01,2,3,5
1000400,2026-03-01,30,1,1
1000400,2026-04-01,37,2,2
1000400,2026-05-01,28,4,5
1000400,2026-06-01,35,6,4
1000400,2026-07-01,31,3,1
1000400,2026-08-01,36,2,2
1000401,2026-03-01,23,1,5
1000401,2026-04-01,22,3,2
1000401,2026-05-01,21,2,5
1000401,2026-06-01,23,6,1
1000401,2026-07-01,22,1,2
1000401,2026-08-01,25,1,2
1000402,2026-03-01,39,3,3
1000402,2026-04-01,32,0,1
1000402,2026-05-01,26,2,5
1000402,2026-06-01,19,6,2
1000402,2026-07-01,13,2,1
1000402,2026-08-01,6,1,3
1000403,2026-03-01,13,6,1
1000403,2026-04-01,15,6,3
1000403,2026-05-01,14,4,5
1000403,2026-06-01,13,0,3
1000403,2026-07-01,12,4,5
1000403,2026-08-01,12,4,3
1000404,2026-03-01,44,3,5
1000404,2026-04-01,42,1,1
1000404,2026-05-01,45,1,1
1000404,2026-06-01,40,6,4
1000404,2026-07-01,43,4,2
1000404,2026-08-01,40,4,1
1000405,2026-03-01,10,1,5
1000405,2026-04-01,10,1,1
1000405,2026-05-01,11,4,2
1000405,2026-06-01,12,4,5
1000405,2026-07-01,9,1,4
1000405,2026-08-01,10,1,5
1000406,2026-03-01,14,6,5
1000406,2026-04-01,14,3,2
1000406,2026-05-01,15,1,3
1000406,2026-06-01,12,2,2
1000406,2026-07-01,12,5,3
1000406,2026-08-01,15,5,3
1000407,2026-03-01,23,3,5
1000407,2026-04-01,21,1,5
1000407,2026-05-01,20,6,3
1000407,2026-06-01,22,3,2
1000407,2026-07-01,19,3,5
1000407,2026-08-01,22,0,1
1000408,2026-03-01,24,6,5
1000408,2026-04-01,24,6,1
1000408,2026-05-01,23,3,4
1000408,2026-06-01,24,5,3
1000408,2026-07-01,22,0,2
1000408,2026-08-01,21,2,4
1000409,2026-03-01,21,0,4
1000409,2026-04-01,19,0,5
1000409,2026-05-01,19,5,2
1000409,2026-06-01,17,6,4
1000409,2026-07-01,23,0,4
1000409,2026-08-01,17,2,4
1000410,2026-03-01,21,5,2
1000410,2026-04-01,25,3,4
1000410,2026-05-01,24,2,2
1000410,2026-06-01,26,1,5
1000410,2026-07-01,21,0,2
1000410,2026-08-01,23,3,2
1000411,2026-03-01,31,2,1
1000411,2026-04-01,24,3,2
1000411,2026-05-01,29,0,1
1000411,2026-06-01,29,6,1
1000411,2026-07-01,29,2,3
1000411,2026-08-01,23,2,3
1000412,2026-03-01,19,4,5
1000412,2026-04-01,15,5,5
1000412,2026-05-01,12,0,1
1000412,2026-06-01,9,6,5
1000412,2026-07-01,6,2,4
1000412,2026-08-01,3,2,1
1000413,2026-03-01,7,6,4
1000413,2026-04-01,9,2,4
1000413,2026-05-01,8,2,1
1000413,2026-06-01,10,4,3
1000413,2026-07-01,7,3,5
1000413,2026-08-01,7,5,2
1000414,2026-03-01,31,6,3
1000414,2026-04-01,30,6,3
1000414,2026-05-01,26,0,4
1000414,2026-06-01,34,0,3
1000414,2026-07-01,27,5,3
1000414,2026-08-01,25,0,3
1000415,2026-03-01,26,3,3
1000415,2026-04-01,25,1,3
1000415,2026-05-01,23,2,1
1000415,2026-06-01,21,4,5
1000415,2026-07-01,24,0,1
1000415,2026-08-01,25,2,2
1000416,2026-03-01,28,1,5
1000416,2026-04-01,27,5,5
1000416,2026-05-01,32,3,1
1000416,2026-06-01,32,6,3
1000416,2026-07-01,25,5,2
1000416,2026-08-01,27,2,5
1000417,2026-03-01,10,2,3
1000417,2026-04-01,11,1,4
1000417,2026-05-01,11,4,2
1000417,2026-06-01,12,1,5
1000417,2026-07-01,11,6,1
1000417,2026-08-01,13,3,4
1000418,2026-03-01,24,3,4
1000418,2026-04-01,23,3,3
1000418,2026-05-01,21,1,4
1000418,2026-06-01,27,2,2
1000418,2026-07-01,21,5,5
1000418,2026-08-01,21,3,5
1000419,2026-03-01,27,1,2
1000419,2026-04-01,22,0,5
1000419,2026-05-01,18,0,2
1000419,2026-06-01,13,2,2
1000419,2026-07-01,9,2,5
1000419,2026-08-01,4,3,3
1000420,2026-03-01,41,4,1
1000420,2026-04-01,42,5,5
1000420,2026-05-01,45,3,1
1000420,2026-06-01,43,2,5
1000420,2026-07-01,40,4,3
1000420,2026-08-01,45,6,4
1000421,2026-03-01,13,6,5
1000421,2026-04-01,16,2,4
1000421,2026-05-01,15,1,3
1000421,2026-06-01,14,3,3
1000421,2026-07-01,13,0,5
1000421,2026-08-01,16,3,5
1000422,2026-03-01,26,3,5
1000422,2026-04-01,21,1,3
1000422,2026-05-01,17,3,5
1000422,2026-06-01,13,1,2
1000422,2026-07-01,8,2,1
1000422,2026-08-01,4,6,2
1000423,2026-03-01,11,4,3
1000423,2026-04-01,11,0,5
1000423,2026-05-01,10,6,4
1000423,2026-06-01,9,3,4
1000423,2026-07-01,10,1,2
1000423,2026-08-01,10,4,4
1000424,2026-03-01,9,5,1
1000424,2026-04-01,9,2,2
1000424,2026-05-01,7,6,3
1000424,2026-06-01,8,1,3
1000424,2026-07-01,8,0,2
1000424,2026-08-01,8,1,1
1000425,2026-03-01,17,5,4
1000425,2026-04-01,13,1,4
1000425,2026-05-01,16,6,1
1000425,2026-06-01,17,3,2
1000425,2026-07-01,16,0,3
1000425,2026-08-01,15,2,3
1000426,2026-03-01,33,4,3
1000426,2026-04-01,27,5,2
1000426,2026-05-01,22,2,2
1000426,2026-06-01,16,6,4
1000426,2026-07-01,11,3,2
1000426,2026-08-01,5,5,5
1000427,2026-03-01,36,5,1
1000427,2026-04-01,44,5,5
1000427,2026-05-01,41,0,5
1000427,2026-06-01,43,0,2
1000427,2026-07-01,42,3,4
1000427,2026-08-01,34,6,1
1000428,2026-03-01,13,5,5
1000428,2026-04-01,11,2,3
1000428,2026-05-01,10,6,4
1000428,2026-06-01,12,5,3
1000428,2026-07-01,12,4,5
1000428,2026-08-01,12,4,3
1000429,2026-03-01,26,1,3
1000429,2026-04-01,23,3,1
1000429,2026-05-01,25,4,3
1000429,2026-06-01,21,3,3
1000429,2026-07-01,28,5,2
1000429,2026-08-01,22,6,1
1000430,2026-03-01,38,5,1
1000430,2026-04-01,35,5,2
1000430,2026-05-01,33,5,1
1000430,2026-06-01,35,0,1
1000430,2026-07-01,39,0,3
1000430,2026-08-01,35,3,3
1000431,2026-03-01,26,1,3
1000431,2026-04-01,25,4,2
1000431,2026-05-01,31,2,5
1000431,2026-06-01,30,0,1
1000431,2026-07-01,31,4,1
1000431,2026-08-01,29,2,5
1000432,2026-03-01,33,2,4
1000432,2026-04-01,29,5,2
1000432,2026-05-01,27,2,1
1000432,2026-06-01,29,0,1
1000432,2026-07-01,31,5,1
1000432,2026-08-01,33,3,5
1000433,2026-03-01,8,1,4
1000433,2026-04-01,10,1,2
1000433,2026-05-01,9,2,5
1000433,2026-06-01,10,5,5
1000433,2026-07-01,10,5,1
1000433,2026-08-01,10,2,2
1000434,2026-03-01,23,6,2
1000434,2026-04-01,19,1,4
1000434,2026-05-01,15,0,3
1000434,2026-06-01,11,4,1
1000434,2026-07-01,7,4,5
1000434,2026-08-01,3,2,3
1000435,2026-03-01,32,6,5
1000435,2026-04-01,35,5,1
1000435,2026-05-01,31,3,1
1000435,2026-06-01,33,2,1
1000435,2026-07-01,28,1,4
1000435,2026-08-01,28,4,5
1000436,2026-03-01,34,2,1
1000436,2026-04-01,29,2,3
1000436,2026-05-01,33,5,3
1000436,2026-06-01,35,3,1
1000436,2026-07-01,33,4,2
1000436,2026-08-01,31,4,2
1000437,2026-03-01,10,2,3
1000437,2026-04-01,10,2,5
1000437,2026-05-01,12,3,1
1000437,2026-06-01,11,1,4
1000437,2026-07-01,10,5,2
1000437,2026-08-01,11,3,5
1000438,2026-03-01,20,6,3
1000438,2026-04-01,26,3,1
1000438,2026-05-01,20,5,5
1000438,2026-06-01,20,0,2
1000438,2026-07-01,25,3,3
1000438,2026-08-01,23,2,2
1000439,2026-03-01,43,3,5
1000439,2026-04-01,34,5,4
1000439,2026-05-01,42,6,1
1000439,2026-06-01,33,1,5
1000439,2026-07-01,39,0,3
1000439,2026-08-01,41,3,5
1000440,2026-03-01,39,3,2
1000440,2026-04-01,38,3,3
1000440,2026-05-01,39,1,3
1000440,2026-06-01,41,1,3
1000440,2026-07-01,36,6,3
1000440,2026-08-01,36,1,2
1000441,2026-03-01,29,3,1
1000441,2026-04-01,31,3,5
1000441,2026-05-01,28,1,4
1000441,2026-06-01,26,6,5
1000441,2026-07-01,32,5,5
1000441,2026-08-01,26,1,4
1000442,2026-03-01,40,0,3
1000442,2026-04-01,34,2,4
1000442,2026-05-01,38,1,5
1000442,2026-06-01,43,4,3
1000442,2026-07-01,33,3,5
1000442,2026-08-01,44,0,1
1000443,2026-03-01,28,1,1
1000443,2026-04-01,28,1,5
1000443,2026-05-01,23,6,5
1000443,2026-06-01,24,2,3
1000443,2026-07-01,24,5,5
1000443,2026-08-01,29,5,3
1000444,2026-03-01,40,4,1
1000444,2026-04-01,42,1,3
1000444,2026-05-01,35,3,3
1000444,2026-06-01,37,5,5
1000444,2026-07-01,37,3,1
1000444,2026-08-01,36,3,4
1000445,2026-03-01,27,2,1
1000445,2026-04-01,22,4,5
1000445,2026-05-01,18,2,5
1000445,2026-06-01,13,2,4
1000445,2026-07-01,9,3,3
1000445,2026-08-01,4,4,5
1000446,2026-03-01,31,2,4
1000446,2026-04-01,32,6,4
1000446,2026-05-01,33,3,4
1000446,2026-06-01,27,0,5
1000446,2026-07-01,31,1,5
1000446,2026-08-01,33,4,1
1000447,2026-03-01,22,0,4
1000447,2026-04-01,25,6,3
1000447,2026-05-01,21,2,2
1000447,2026-06-01,27,1,5
1000447,2026-07-01,26,6,5
1000447,2026-08-01,21,5,1
1000448,2026-03-01,32,2,5
1000448,2026-04-01,40,5,2
1000448,2026-05-01,36,1,3
1000448,2026-06-01,39,0,5
1000448,2026-07-01,39,6,1
1000448,2026-08-01,31,1,2
1000449,2026-03-01,28,4,4
1000449,2026-04-01,30,2,5
1000449,2026-05-01,33,0,2
1000449,2026-06-01,31,5,5
1000449,2026-07-01,35,4,1
1000449,2026-08-01,30,0,1
1000450,2026-03-01,11,6,2
1000450,2026-04-01,12,2,2
1000450,2026-05-01,12,0,4
1000450,2026-06-01,13,0,3
1000450,2026-07-01,11,3,1
1000450,2026-08-01,12,6,5
1000451,2026-03-01,15,1,3
1000451,2026-04-01,18,2,4
1000451,2026-05-01,18,6,5
1000451,2026-06-01,18,1,3
1000451,2026-07-01,17,2,1
1000451,2026-08-01,16,6,2
1000452,2026-03-01,27,3,2
1000452,2026-04-01,29,6,2
1000452,2026-05-01,24,4,3
1000452,2026-06-01,29,1,4
1000452,2026-07-01,26,5,5
1000452,2026-08-01,29,1,5
1000453,2026-03-01,9,6,5
1000453,2026-04-01,7,1,1
1000453,2026-05-01,9,3,4
1000453,2026-06-01,9,3,1
1000453,2026-07-01,10,1,3
1000453,2026-08-01,8,6,1
1000454,2026-03-01,26,4,3
1000454,2026-04-01,27,5,5
1000454,2026-05-01,23,2,1
1000454,2026-06-01,27,1,2
1000454,2026-07-01,21,4,3
1000454,2026-08-01,26,4,1
1000455,2026-03-01,9,4,1
1000455,2026-04-01,8,3,5
1000455,2026-05-01,8,4,5
1000455,2026-06-01,9,0,2
1000455,2026-07-01,10,1,5
1000455,2026-08-01,9,3,4
1000456,2026-03-01,22,3,4
1000456,2026-04-01,17,1,1
1000456,2026-05-01,20,4,5
1000456,2026-06-01,21,4,2
1000456,2026-07-01,17,3,3
1000456,2026-08-01,22,3,5
1000457,2026-03-01,24,3,4
1000457,2026-04-01,22,1,1
1000457,2026-05-01,21,6,2
1000457,2026-06-01,24,4,3
1000457,2026-07-01,24,2,1
1000457,2026-08-01,23,2,5
1000458,2026-03-01,15,5,2
1000458,2026-04-01,15,6,3
1000458,2026-05-01,16,1,1
1000458,2026-06-01,18,0,2
1000458,2026-07-01,14,5,5
1000458,2026-08-01,15,5,1
1000459,2026-03-01,24,4,2
1000459,2026-04-01,22,3,4
1000459,2026-05-01,21,6,5
1000459,2026-06-01,24,2,3
1000459,2026-07-01,22,1,5
1000459,2026-08-01,20,4,4
1000460,2026-03-01,13,2,5
1000460,2026-04-01,16,3,4
1000460,2026-05-01,15,4,4
1000460,2026-06-01,13,1,4
1000460,2026-07-01,14,5,1
1000460,2026-08-01,15,0,1
1000461,2026-03-01,28,1,2
1000461,2026-04-01,25,3,5
1000461,2026-05-01,28,1,5
1000461,2026-06-01,26,4,2
1000461,2026-07-01,25,3,5
1000461,2026-08-01,28,1,3
1000462,2026-03-01,40,3,2
1000462,2026-04-01,33,0,3
1000462,2026-05-01,26,4,3
1000462,2026-06-01,20,4,3
1000462,2026-07-01,13,5,1
1000462,2026-08-01,6,1,2
1000463,2026-03-01,10,2,2
1000463,2026-04-01,8,1,2
1000463,2026-05-01,6,0,1
1000463,2026-06-01,5,4,1
1000463,2026-07-01,3,2,3
1000463,2026-08-01,1,4,3
1000464,2026-03-01,9,6,5
1000464,2026-04-01,10,3,3
1000464,2026-05-01,9,1,3
1000464,2026-06-01,7,1,4
1000464,2026-07-01,7,5,4
1000464,2026-08-01,9,4,4
1000465,2026-03-01,28,2,2
1000465,2026-04-01,23,0,1
1000465,2026-05-01,18,5,4
1000465,2026-06-01,14,1,1
1000465,2026-07-01,9,4,3
1000465,2026-08-01,4,1,1
1000466,2026-03-01,8,6,2
1000466,2026-04-01,8,1,4
1000466,2026-05-01,7,1,3
1000466,2026-06-01,9,1,2
1000466,2026-07-01,6,2,5
1000466,2026-08-01,8,0,4
1000467,2026-03-01,12,3,4
1000467,2026-04-01,9,3,1
1000467,2026-05-01,10,2,4
1000467,2026-06-01,10,4,3
1000467,2026-07-01,10,3,4
1000467,2026-08-01,10,2,5
1000468,2026-03-01,19,6,4
1000468,2026-04-01,24,4,2
1000468,2026-05-01,24,1,5
1000468,2026-06-01,23,2,4
1000468,2026-07-01,18,4,4
1000468,2026-08-01,20,5,5
1000469,2026-03-01,35,2,4
1000469,2026-04-01,29,2,3
1000469,2026-05-01,23,5,2
1000469,2026-06-01,17,5,3
1000469,2026-07-01,11,0,3
1000469,2026-08-01,5,1,3
1000470,2026-03-01,24,2,1
1000470,2026-04-01,20,2,5
1000470,2026-05-01,16,6,2
1000470,2026-06-01,12,4,2
1000470,2026-07-01,8,5,5
1000470,2026-08-01,4,5,5
1000471,2026-03-01,22,2,5
1000471,2026-04-01,19,3,1
1000471,2026-05-01,23,3,5
1000471,2026-06-01,23,1,5
1000471,2026-07-01,18,5,4
1000471,2026-08-01,20,4,5
1000472,2026-03-01,8,3,2
1000472,2026-04-01,6,6,3
1000472,2026-05-01,6,1,1
1000472,2026-06-01,6,0,3
1000472,2026-07-01,7,3,2
1000472,2026-08-01,8,6,1
1000473,2026-03-01,35,0,4
1000473,2026-04-01,30,6,4
1000473,2026-05-01,34,1,3
1000473,2026-06-01,28,2,3
1000473,2026-07-01,31,6,1
1000473,2026-08-01,31,6,5
1000474,2026-03-01,38,3,3
1000474,2026-04-01,31,5,4
1000474,2026-05-01,32,1,3
1000474,2026-06-01,34,5,5
1000474,2026-07-01,37,2,3
1000474,2026-08-01,39,0,5
1000475,2026-03-01,40,6,4
1000475,2026-04-01,32,3,4
1000475,2026-05-01,35,0,3
1000475,2026-06-01,36,1,1
1000475,2026-07-01,33,1,4
1000475,2026-08-01,35,3,2
1000476,2026-03-01,22,4,1
1000476,2026-04-01,26,4,1
1000476,2026-05-01,24,6,4
1000476,2026-06-01,21,3,5
1000476,2026-07-01,23,2,1
1000476,2026-08-01,20,1,5
1000477,2026-03-01,13,2,2
1000477,2026-04-01,15,2,1
1000477,2026-05-01,15,5,5
1000477,2026-06-01,13,6,4
1000477,2026-07-01,14,5,4
1000477,2026-08-01,14,1,1
1000478,2026-03-01,40,1,1
1000478,2026-04-01,33,0,1
1000478,2026-05-01,26,3,2
1000478,2026-06-01,20,3,3
1000478,2026-07-01,13,1,4
1000478,2026-08-01,6,5,1
1000479,2026-03-01,35,6,3
1000479,2026-04-01,42,0,3
1000479,2026-05-01,34,6,3
1000479,2026-06-01,44,3,1
1000479,2026-07-01,38,4,2
1000479,2026-08-01,37,6,5
1000480,2026-03-01,12,0,3
1000480,2026-04-01,12,2,4
1000480,2026-05-01,12,2,4
1000480,2026-06-01,12,5,4
1000480,2026-07-01,11,5,2
1000480,2026-08-01,11,3,1
1000481,2026-03-01,24,3,1
1000481,2026-04-01,24,0,4
1000481,2026-05-01,22,2,4
1000481,2026-06-01,22,1,5
1000481,2026-07-01,26,1,4
1000481,2026-08-01,22,1,2
1000482,2026-03-01,24,2,2
1000482,2026-04-01,29,3,3
1000482,2026-05-01,23,2,2
1000482,2026-06-01,30,5,4
1000482,2026-07-01,29,4,4
1000482,2026-08-01,27,6,5
1000483,2026-03-01,20,5,3
1000483,2026-04-01,20,4,2
1000483,2026-05-01,27,1,5
1000483,2026-06-01,26,4,4
1000483,2026-07-01,21,3,5
1000483,2026-08-01,26,0,5
1000484,2026-03-01,28,6,5
1000484,2026-04-01,24,6,2
1000484,2026-05-01,21,5,5
1000484,2026-06-01,23,1,1
1000484,2026-07-01,25,3,5
1000484,2026-08-01,26,5,5
1000485,2026-03-01,18,4,5
1000485,2026-04-01,16,4,2
1000485,2026-05-01,15,4,5
1000485,2026-06-01,15,4,5
1000485,2026-07-01,17,1,2
1000485,2026-08-01,17,0,1
1000486,2026-03-01,7,1,3
1000486,2026-04-01,9,3,3
1000486,2026-05-01,7,3,1
1000486,2026-06-01,10,4,1
1000486,2026-07-01,10,6,3
1000486,2026-08-01,10,1,3
1000487,2026-03-01,17,2,5
1000487,2026-04-01,16,5,3
1000487,2026-05-01,18,1,2
1000487,2026-06-01,13,2,1
1000487,2026-07-01,17,0,4
1000487,2026-08-01,16,2,3
1000488,2026-03-01,29,0,4
1000488,2026-04-01,24,5,2
1000488,2026-05-01,19,6,3
1000488,2026-06-01,14,4,4
1000488,2026-07-01,9,1,1
1000488,2026-08-01,4,3,2
1000489,2026-03-01,11,4,3
1000489,2026-04-01,10,4,1
1000489,2026-05-01,10,1,3
1000489,2026-06-01,8,6,5
1000489,2026-07-01,11,6,2
1000489,2026-08-01,10,2,4
1000490,2026-03-01,34,6,5
1000490,2026-04-01,29,3,1
1000490,2026-05-01,32,4,3
1000490,2026-06-01,27,4,4
1000490,2026-07-01,27,6,3
1000490,2026-08-01,33,2,5
1000491,2026-03-01,22,5,3
1000491,2026-04-01,18,1,3
1000491,2026-05-01,22,5,2
1000491,2026-06-01,21,1,1
1000491,2026-07-01,20,2,4
1000491,2026-08-01,19,3,1
1000492,2026-03-01,20,4,2
1000492,2026-04-01,20,4,4
1000492,2026-05-01,26,4,5
1000492,2026-06-01,23,1,4
1000492,2026-07-01,19,3,5
1000492,2026-08-01,20,3,4
1000493,2026-03-01,28,5,5
1000493,2026-04-01,30,0,2
1000493,2026-05-01,27,4,2
1000493,2026-06-01,28,5,3
1000493,2026-07-01,29,1,2
1000493,2026-08-01,33,2,1
1000494,2026-03-01,13,3,2
1000494,2026-04-01,10,1,5
1000494,2026-05-01,12,5,2
1000494,2026-06-01,11,3,5
1000494,2026-07-01,11,4,5
1000494,2026-08-01,12,0,2
1000495,2026-03-01,24,6,5
1000495,2026-04-01,20,6,4
1000495,2026-05-01,16,6,2
1000495,2026-06-01,12,0,4
1000495,2026-07-01,8,4,5
1000495,2026-08-01,4,2,4
1000496,2026-03-01,42,3,1
1000496,2026-04-01,35,0,2
1000496,2026-05-01,36,3,2
1000496,2026-06-01,34,3,1
1000496,2026-07-01,32,1,2
1000496,2026-08-01,38,1,1
1000497,2026-03-01,16,0,5
1000497,2026-04-01,19,2,5
1000497,2026-05-01,20,6,5
1000497,2026-06-01,20,6,5
1000497,2026-07-01,20,2,5
1000497,2026-08-01,16,0,5
1000498,2026-03-01,14,0,3
1000498,2026-04-01,13,0,5
1000498,2026-05-01,13,5,5
1000498,2026-06-01,14,1,5
1000498,2026-07-01,14,4,4
1000498,2026-08-01,12,2,1
1000499,2026-03-01,12,2,4
1000499,2026-04-01,15,6,5
1000499,2026-05-01,12,4,5
1000499,2026-06-01,12,1,3
1000499,2026-07-01,15,0,5
1000499,2026-08-01,14,4,3
1000500,2026-03-01,7,0,1
1000500,2026-04-01,7,0,5
1000500,2026-05-01,7,6,5
1000500,2026-06-01,6,4,2
1000500,2026-07-01,7,2,5
1000500,2026-08-01,7,3,5
1000501,2026-03-01,21,5,4
1000501,2026-04-01,22,4,2
1000501,2026-05-01,19,5,1
1000501,2026-06-01,21,4,3
1000501,2026-07-01,24,4,2
1000501,2026-08-01,20,0,1
1000502,2026-03-01,9,5,1
1000502,2026-04-01,9,4,4
1000502,2026-05-01,9,4,2
1000502,2026-06-01,8,4,3
1000502,2026-07-01,7,0,1
1000502,2026-08-01,7,3,5
1000503,2026-03-01,34,4,3
1000503,2026-04-01,34,0,5
1000503,2026-05-01,36,4,4
1000503,2026-06-01,31,2,3
1000503,2026-07-01,33,3,5
1000503,2026-08-01,36,3,1
1000504,2026-03-01,13,4,4
1000504,2026-04-01,15,1,5
1000504,2026-05-01,14,1,2
1000504,2026-06-01,18,1,1
1000504,2026-07-01,14,5,3
1000504,2026-08-01,14,5,1
1000505,2026-03-01,35,5,5
1000505,2026-04-01,38,2,5
1000505,2026-05-01,32,1,1
1000505,2026-06-01,36,4,4
1000505,2026-07-01,33,4,4
1000505,2026-08-01,38,0,1
1000506,2026-03-01,22,6,5
1000506,2026-04-01,21,1,1
1000506,2026-05-01,18,4,2
1000506,2026-06-01,21,2,1
1000506,2026-07-01,22,1,3
1000506,2026-08-01,20,1,3
1000507,2026-03-01,30,2,2
1000507,2026-04-01,32,1,1
1000507,2026-05-01,35,0,4
1000507,2026-06-01,32,0,2
1000507,2026-07-01,38,1,4
1000507,2026-08-01,38,5,3
1000508,2026-03-01,21,0,4
1000508,2026-04-01,20,4,3
1000508,2026-05-01,23,1,1
1000508,2026-06-01,25,3,4
1000508,2026-07-01,21,0,4
1000508,2026-08-01,23,2,5
1000509,2026-03-01,13,3,2
1000509,2026-04-01,10,1,5
1000509,2026-05-01,8,4,2
1000509,2026-06-01,6,6,5
1000509,2026-07-01,4,0,3
1000509,2026-08-01,2,5,2
1000510,2026-03-01,13,1,2
1000510,2026-04-01,11,1,4
1000510,2026-05-01,13,0,3
1000510,2026-06-01,11,3,3
1000510,2026-07-01,13,6,3
1000510,2026-08-01,12,1,2
1000511,2026-03-01,22,0,2
1000511,2026-04-01,21,3,4
1000511,2026-05-01,25,0,3
1000511,2026-06-01,24,5,3
1000511,2026-07-01,22,4,2
1000511,2026-08-01,24,5,4
1000512,2026-03-01,37,2,2
1000512,2026-04-01,30,5,4
1000512,2026-05-01,24,5,1
1000512,2026-06-01,18,0,3
1000512,2026-07-01,12,5,5
1000512,2026-08-01,6,3,1
1000513,2026-03-01,23,4,2
1000513,2026-04-01,19,2,5
1000513,2026-05-01,15,2,1
1000513,2026-06-01,11,0,5
1000513,2026-07-01,7,5,1
1000513,2026-08-01,3,6,1
1000514,2026-03-01,24,3,3
1000514,2026-04-01,22,6,2
1000514,2026-05-01,25,0,1
1000514,2026-06-01,28,1,1
1000514,2026-07-01,27,2,2
1000514,2026-08-01,26,3,2
1000515,2026-03-01,9,0,2
1000515,2026-04-01,9,5,5
1000515,2026-05-01,8,6,2
1000515,2026-06-01,8,6,3
1000515,2026-07-01,10,4,1
1000515,2026-08-01,10,0,1
1000516,2026-03-01,16,3,5
1000516,2026-04-01,17,2,3
1000516,2026-05-01,18,6,4
1000516,2026-06-01,18,2,1
1000516,2026-07-01,15,1,2
1000516,2026-08-01,17,6,4
1000517,2026-03-01,17,4,4
1000517,2026-04-01,19,4,2
1000517,2026-05-01,18,6,3
1000517,2026-06-01,14,1,4
1000517,2026-07-01,18,5,5
1000517,2026-08-01,18,4,1
1000518,2026-03-01,32,3,3
1000518,2026-04-01,32,4,4
1000518,2026-05-01,26,4,3
1000518,2026-06-01,32,6,4
1000518,2026-07-01,33,4,2
1000518,2026-08-01,32,4,2
1000519,2026-03-01,28,0,5
1000519,2026-04-01,30,2,4
1000519,2026-05-01,32,0,3
1000519,2026-06-01,31,6,4
1000519,2026-07-01,25,1,2
1000519,2026-08-01,27,2,2
1000520,2026-03-01,40,1,5
1000520,2026-04-01,37,3,4
1000520,2026-05-01,38,2,5
1000520,2026-06-01,41,3,1
1000520,2026-07-01,43,2,1
1000520,2026-08-01,42,6,1
1000521,2026-03-01,28,2,3
1000521,2026-04-01,23,1,4
1000521,2026-05-01,18,0,3
1000521,2026-06-01,14,1,1
1000521,2026-07-01,9,1,4
1000521,2026-08-01,4,4,1
1000522,2026-03-01,11,2,5
1000522,2026-04-01,13,4,1
1000522,2026-05-01,14,0,4
1000522,2026-06-01,12,5,2
1000522,2026-07-01,12,5,5
1000522,2026-08-01,14,4,4
1000523,2026-03-01,16,2,5
1000523,2026-04-01,19,4,5
1000523,2026-05-01,19,1,4
1000523,2026-06-01,16,2,5
1000523,2026-07-01,19,0,3
1000523,2026-08-01,19,1,4
1000524,2026-03-01,12,4,3
1000524,2026-04-01,10,2,3
1000524,2026-05-01,8,4,5
1000524,2026-06-01,6,6,1
1000524,2026-07-01,4,6,3
1000524,2026-08-01,2,1,1
1000525,2026-03-01,15,3,3
1000525,2026-04-01,12,1,2
1000525,2026-05-01,13,5,1
1000525,2026-06-01,15,4,1
1000525,2026-07-01,13,1,3
1000525,2026-08-01,15,0,3
1000526,2026-03-01,27,4,5
1000526,2026-04-01,26,4,2
1000526,2026-05-01,29,1,3
1000526,2026-06-01,22,1,2
1000526,2026-07-01,26,2,1
1000526,2026-08-01,26,4,5
1000527,2026-03-01,39,2,5
1000527,2026-04-01,32,1,3
1000527,2026-05-01,26,3,5
1000527,2026-06-01,19,6,1
1000527,2026-07-01,13,4,3
1000527,2026-08-01,6,5,3
1000528,2026-03-01,31,6,2
1000528,2026-04-01,34,2,3
1000528,2026-05-01,27,4,1
1000528,2026-06-01,31,0,1
1000528,2026-07-01,33,6,1
1000528,2026-08-01,25,4,5
1000529,2026-03-01,17,2,5
1000529,2026-04-01,15,3,1
1000529,2026-05-01,17,0,2
1000529,2026-06-01,16,4,3
1000529,2026-07-01,18,6,1
1000529,2026-08-01,17,6,4
1000530,2026-03-01,9,0,5
1000530,2026-04-01,8,5,2
1000530,2026-05-01,10,6,3
1000530,2026-06-01,8,3,1
1000530,2026-07-01,10,5,3
1000530,2026-08-01,11,0,5
1000531,2026-03-01,26,6,4
1000531,2026-04-01,34,4,4
1000531,2026-05-01,28,3,3
1000531,2026-06-01,32,0,4
1000531,2026-07-01,29,0,1
1000531,2026-08-01,29,0,3
1000532,2026-03-01,31,4,5
1000532,2026-04-01,30,1,5
1000532,2026-05-01,37,3,5
1000532,2026-06-01,34,4,1
1000532,2026-07-01,30,3,4
1000532,2026-08-01,36,3,3
1000533,2026-03-01,32,4,4
1000533,2026-04-01,34,3,4
1000533,2026-05-01,39,2,3
1000533,2026-06-01,32,0,4
1000533,2026-07-01,38,5,1
1000533,2026-08-01,35,5,4
1000534,2026-03-01,34,0,5
1000534,2026-04-01,42,3,4
1000534,2026-05-01,37,4,3
1000534,2026-06-01,33,6,3
1000534,2026-07-01,35,2,3
1000534,2026-08-01,38,0,5
1000535,2026-03-01,14,3,4
1000535,2026-04-01,15,6,4
1000535,2026-05-01,14,2,2
1000535,2026-06-01,15,4,1
1000535,2026-07-01,15,3,3
1000535,2026-08-01,14,6,5
1000536,2026-03-01,23,2,5
1000536,2026-04-01,19,6,4
1000536,2026-05-01,15,6,3
1000536,2026-06-01,11,3,4
1000536,2026-07-01,7,3,5
1000536,2026-08-01,3,6,2
1000537,2026-03-01,34,3,1
1000537,2026-04-01,45,0,2
1000537,2026-05-01,35,2,5
1000537,2026-06-01,34,1,2
1000537,2026-07-01,43,6,4
1000537,2026-08-01,42,4,1
1000538,2026-03-01,39,6,1
1000538,2026-04-01,32,4,1
1000538,2026-05-01,26,2,3
1000538,2026-06-01,19,2,5
1000538,2026-07-01,13,4,2
1000538,2026-08-01,6,2,1
1000539,2026-03-01,11,4,2
1000539,2026-04-01,9,6,2
1000539,2026-05-01,7,5,4
1000539,2026-06-01,5,0,1
1000539,2026-07-01,3,1,4
1000539,2026-08-01,1,3,2
1000540,2026-03-01,14,4,3
1000540,2026-04-01,11,0,2
1000540,2026-05-01,9,2,5
1000540,2026-06-01,7,3,1
1000540,2026-07-01,4,1,3
1000540,2026-08-01,2,2,5
1000541,2026-03-01,19,6,5
1000541,2026-04-01,25,0,3
1000541,2026-05-01,24,0,2
1000541,2026-06-01,25,2,4
1000541,2026-07-01,23,1,4
1000541,2026-08-01,24,2,4
1000542,2026-03-01,27,1,3
1000542,2026-04-01,31,6,2
1000542,2026-05-01,30,5,3
1000542,2026-06-01,31,4,2
1000542,2026-07-01,27,4,3
1000542,2026-08-01,31,5,5
1000543,2026-03-01,12,0,5
1000543,2026-04-01,14,2,5
1000543,2026-05-01,15,6,3
1000543,2026-06-01,16,3,5
1000543,2026-07-01,13,5,1
1000543,2026-08-01,14,4,2
1000544,2026-03-01,10,5,4
1000544,2026-04-01,10,1,4
1000544,2026-05-01,9,4,2
1000544,2026-06-01,10,5,5
1000544,2026-07-01,8,0,5
1000544,2026-08-01,8,5,2
1000545,2026-03-01,8,2,2
1000545,2026-04-01,8,0,2
1000545,2026-05-01,8,2,2
1000545,2026-06-01,8,1,1
1000545,2026-07-01,8,0,1
1000545,2026-08-01,7,5,5
1000546,2026-03-01,16,5,1
1000546,2026-04-01,17,6,4
1000546,2026-05-01,16,6,5
1000546,2026-06-01,15,5,5
1000546,2026-07-01,20,3,1
1000546,2026-08-01,17,5,2
1000547,2026-03-01,8,0,2
1000547,2026-04-01,9,6,5
1000547,2026-05-01,8,3,2
1000547,2026-06-01,9,2,1
1000547,2026-07-01,7,0,1
1000547,2026-08-01,9,0,4
1000548,2026-03-01,35,1,2
1000548,2026-04-01,35,2,2
1000548,2026-05-01,37,5,4
1000548,2026-06-01,38,4,3
1000548,2026-07-01,33,2,5
1000548,2026-08-01,39,6,3
1000549,2026-03-01,12,0,2
1000549,2026-04-01,11,0,1
1000549,2026-05-01,11,2,1
1000549,2026-06-01,13,0,2
1000549,2026-07-01,13,1,3
1000549,2026-08-01,11,4,2
1000550,2026-03-01,31,4,4
1000550,2026-04-01,25,6,4
1000550,2026-05-01,27,6,3
1000550,2026-06-01,30,5,1
1000550,2026-07-01,29,1,1
1000550,2026-08-01,33,1,3
1000551,2026-03-01,18,0,3
1000551,2026-04-01,19,2,3
1000551,2026-05-01,21,5,5
1000551,2026-06-01,20,1,2
1000551,2026-07-01,17,6,2
1000551,2026-08-01,20,2,4
1000552,2026-03-01,23,3,2
1000552,2026-04-01,25,5,3
1000552,2026-05-01,22,4,2
1000552,2026-06-01,24,0,4
1000552,2026-07-01,23,6,4
1000552,2026-08-01,19,0,1
1000553,2026-03-01,31,3,5
1000553,2026-04-01,25,4,5
1000553,2026-05-01,20,0,3
1000553,2026-06-01,15,2,3
1000553,2026-07-01,10,0,3
1000553,2026-08-01,5,5,3
1000554,2026-03-01,10,4,3
1000554,2026-04-01,8,1,3
1000554,2026-05-01,10,1,4
1000554,2026-06-01,9,6,5
1000554,2026-07-01,9,6,1
1000554,2026-08-01,9,6,2
1000555,2026-03-01,31,3,3
1000555,2026-04-01,37,0,5
1000555,2026-05-01,36,2,5
1000555,2026-06-01,37,0,2
1000555,2026-07-01,38,6,2
1000555,2026-08-01,35,1,2
1000556,2026-03-01,32,5,2
1000556,2026-04-01,30,6,4
1000556,2026-05-01,28,2,1
1000556,2026-06-01,25,3,4
1000556,2026-07-01,29,6,1
1000556,2026-08-01,31,0,3
1000557,2026-03-01,37,4,2
1000557,2026-04-01,35,0,4
1000557,2026-05-01,30,4,4
1000557,2026-06-01,37,6,2
1000557,2026-07-01,33,6,1
1000557,2026-08-01,32,2,4
1000558,2026-03-01,14,2,1
1000558,2026-04-01,13,3,1
1000558,2026-05-01,13,0,4
1000558,2026-06-01,13,1,1
1000558,2026-07-01,15,5,4
1000558,2026-08-01,14,6,2
1000559,2026-03-01,24,3,4
1000559,2026-04-01,28,3,2
1000559,2026-05-01,21,2,4
1000559,2026-06-01,28,1,4
1000559,2026-07-01,22,2,2
1000559,2026-08-01,21,1,5
1000560,2026-03-01,9,3,3
1000560,2026-04-01,9,2,1
1000560,2026-05-01,8,2,1
1000560,2026-06-01,9,4,3
1000560,2026-07-01,9,0,4
1000560,2026-08-01,10,2,2
1000561,2026-03-01,10,6,2
1000561,2026-04-01,12,4,1
1000561,2026-05-01,12,6,1
1000561,2026-06-01,11,3,5
1000561,2026-07-01,13,6,3
1000561,2026-08-01,10,1,1
1000562,2026-03-01,32,4,4
1000562,2026-04-01,36,5,2
1000562,2026-05-01,29,4,5
1000562,2026-06-01,29,4,5
1000562,2026-07-01,31,3,2
1000562,2026-08-01,35,1,3
1000563,2026-03-01,37,5,5
1000563,2026-04-01,40,4,2
1000563,2026-05-01,40,0,3
1000563,2026-06-01,41,5,4
1000563,2026-07-01,41,2,1
1000563,2026-08-01,39,4,3
1000564,2026-03-01,13,1,5
1000564,2026-04-01,14,2,4
1000564,2026-05-01,14,5,3
1000564,2026-06-01,11,0,2
1000564,2026-07-01,14,2,2
1000564,2026-08-01,13,3,3
1000565,2026-03-01,32,4,5
1000565,2026-04-01,26,5,4
1000565,2026-05-01,21,5,2
1000565,2026-06-01,16,3,3
1000565,2026-07-01,10,1,3
1000565,2026-08-01,5,0,4
1000566,2026-03-01,27,6,2
1000566,2026-04-01,35,0,3
1000566,2026-05-01,27,6,5
1000566,2026-06-01,30,4,2
1000566,2026-07-01,26,5,2
1000566,2026-08-01,27,5,2
1000567,2026-03-01,24,0,1
1000567,2026-04-01,24,4,4
1000567,2026-05-01,28,6,5
1000567,2026-06-01,23,5,4
1000567,2026-07-01,22,0,1
1000567,2026-08-01,23,2,5
1000568,2026-03-01,31,1,5
1000568,2026-04-01,25,2,4
1000568,2026-05-01,20,0,4
1000568,2026-06-01,15,3,1
1000568,2026-07-01,10,3,1
1000568,2026-08-01,5,3,2
1000569,2026-03-01,13,0,4
1000569,2026-04-01,12,1,1
1000569,2026-05-01,12,5,4
1000569,2026-06-01,12,6,1
1000569,2026-07-01,13,3,1
1000569,2026-08-01,13,6,3
1000570,2026-03-01,14,0,3
1000570,2026-04-01,15,5,5
1000570,2026-05-01,15,1,1
1000570,2026-06-01,13,0,4
1000570,2026-07-01,14,2,3
1000570,2026-08-01,15,5,5
1000571,2026-03-01,13,0,3
1000571,2026-04-01,14,4,4
1000571,2026-05-01,13,5,5
1000571,2026-06-01,12,0,3
1000571,2026-07-01,14,5,2
1000571,2026-08-01,11,0,3
1000572,2026-03-01,26,5,3
1000572,2026-04-01,25,2,5
1000572,2026-05-01,23,5,2
1000572,2026-06-01,25,6,4
1000572,2026-07-01,22,0,5
1000572,2026-08-01,24,3,1
1000573,2026-03-01,30,2,3
1000573,2026-04-01,25,4,3
1000573,2026-05-01,20,5,5
1000573,2026-06-01,15,6,5
1000573,2026-07-01,10,5,4
1000573,2026-08-01,5,0,3
1000574,2026-03-01,44,1,2
1000574,2026-04-01,44,4,1
1000574,2026-05-01,37,2,2
1000574,2026-06-01,36,5,3
1000574,2026-07-01,39,4,3
1000574,2026-08-01,38,4,5
1000575,2026-03-01,31,0,3
1000575,2026-04-01,25,4,2
1000575,2026-05-01,20,0,2
1000575,2026-06-01,15,4,2
1000575,2026-07-01,10,5,1
1000575,2026-08-01,5,6,3
1000576,2026-03-01,18,5,1
1000576,2026-04-01,19,2,5
1000576,2026-05-01,19,5,1
1000576,2026-06-01,20,1,1
1000576,2026-07-01,21,4,1
1000576,2026-08-01,18,6,4
1000577,2026-03-01,17,0,5
1000577,2026-04-01,15,5,3
1000577,2026-05-01,17,3,2
1000577,2026-06-01,17,6,3
1000577,2026-07-01,13,0,4
1000577,2026-08-01,17,1,3
1000578,2026-03-01,35,5,3
1000578,2026-04-01,29,0,2
1000578,2026-05-01,23,1,4
1000578,2026-06-01,17,3,5
1000578,2026-07-01,11,1,4
1000578,2026-08-01,5,5,3
1000579,2026-03-01,40,5,1
1000579,2026-04-01,38,5,1
1000579,2026-05-01,40,5,2
1000579,2026-06-01,39,5,2
1000579,2026-07-01,40,2,2
1000579,2026-08-01,30,4,4
1000580,2026-03-01,16,5,1
1000580,2026-04-01,13,4,2
1000580,2026-05-01,10,1,1
1000580,2026-06-01,8,6,3
1000580,2026-07-01,5,1,5
1000580,2026-08-01,2,5,2
1000581,2026-03-01,41,1,1
1000581,2026-04-01,43,0,5
1000581,2026-05-01,41,0,4
1000581,2026-06-01,44,5,4
1000581,2026-07-01,40,6,2
1000581,2026-08-01,37,0,3
1000582,2026-03-01,35,5,2
1000582,2026-04-01,33,2,3
1000582,2026-05-01,37,6,5
1000582,2026-06-01,32,6,5
1000582,2026-07-01,32,1,5
1000582,2026-08-01,28,4,1
1000583,2026-03-01,28,0,5
1000583,2026-04-01,23,3,3
1000583,2026-05-01,18,0,1
1000583,2026-06-01,14,0,5
1000583,2026-07-01,9,5,2
1000583,2026-08-01,4,1,3
1000584,2026-03-01,27,4,5
1000584,2026-04-01,29,4,2
1000584,2026-05-01,29,6,4
1000584,2026-06-01,31,3,4
1000584,2026-07-01,25,6,3
1000584,2026-08-01,27,3,5
1000585,2026-03-01,25,0,3
1000585,2026-04-01,25,0,1
1000585,2026-05-01,25,3,1
1000585,2026-06-01,28,1,4
1000585,2026-07-01,27,3,4
1000585,2026-08-01,27,4,1
1000586,2026-03-01,31,1,4
1000586,2026-04-01,36,2,3
1000586,2026-05-01,30,6,3
1000586,2026-06-01,34,2,5
1000586,2026-07-01,30,0,1
1000586,2026-08-01,36,1,5
1000587,2026-03-01,22,5,3
1000587,2026-04-01,26,6,4
1000587,2026-05-01,24,3,2
1000587,2026-06-01,20,2,5
1000587,2026-07-01,21,0,3
1000587,2026-08-01,26,5,3
1000588,2026-03-01,32,1,2
1000588,2026-04-01,41,0,5
1000588,2026-05-01,34,4,5
1000588,2026-06-01,36,3,1
1000588,2026-07-01,41,0,1
1000588,2026-08-01,33,6,3
1000589,2026-03-01,26,1,4
1000589,2026-04-01,21,5,1
1000589,2026-05-01,17,0,2
1000589,2026-06-01,13,6,1
1000589,2026-07-01,8,2,1
1000589,2026-08-01,4,0,2
1000590,2026-03-01,34,1,3
1000590,2026-04-01,36,2,3
1000590,2026-05-01,36,4,2
1000590,2026-06-01,31,1,2
1000590,2026-07-01,31,2,2
1000590,2026-08-01,32,0,3
1000591,2026-03-01,41,1,4
1000591,2026-04-01,41,5,5
1000591,2026-05-01,44,2,3
1000591,2026-06-01,37,0,5
1000591,2026-07-01,39,6,1
1000591,2026-08-01,38,4,4
1000592,2026-03-01,19,2,2
1000592,2026-04-01,15,1,5
1000592,2026-05-01,12,0,4
1000592,2026-06-01,9,1,1
1000592,2026-07-01,6,2,1
1000592,2026-08-01,3,0,2
1000593,2026-03-01,38,2,5
1000593,2026-04-01,36,1,5
1000593,2026-05-01,30,0,4
1000593,2026-06-01,35,6,1
1000593,2026-07-01,37,2,2
1000593,2026-08-01,33,5,3
1000594,2026-03-01,9,1,4
1000594,2026-04-01,7,6,1
1000594,2026-05-01,6,3,2
1000594,2026-06-01,4,5,2
1000594,2026-07-01,3,5,2
1000594,2026-08-01,1,5,3
1000595,2026-03-01,18,0,1
1000595,2026-04-01,19,5,5
1000595,2026-05-01,20,4,5
1000595,2026-06-01,18,0,2
1000595,2026-07-01,20,3,1
1000595,2026-08-01,19,4,4
1000596,2026-03-01,24,1,1
1000596,2026-04-01,20,2,1
1000596,2026-05-01,16,1,2
1000596,2026-06-01,12,0,3
1000596,2026-07-01,8,6,3
1000596,2026-08-01,4,4,5
1000597,2026-03-01,20,1,4
1000597,2026-04-01,16,5,4
1000597,2026-05-01,13,6,3
1000597,2026-06-01,10,0,3
1000597,2026-07-01,6,6,2
1000597,2026-08-01,3,2,4
1000598,2026-03-01,36,3,2
1000598,2026-04-01,34,1,1
1000598,2026-05-01,30,6,5
1000598,2026-06-01,30,2,2
1000598,2026-07-01,35,2,5
1000598,2026-08-01,34,3,4
1000599,2026-03-01,25,3,2
1000599,2026-04-01,27,6,3
1000599,2026-05-01,25,3,4
1000599,2026-06-01,28,6,5
1000599,2026-07-01,26,4,1
1000599,2026-08-01,33,1,3
1000600,2026-03-01,29,6,4
1000600,2026-04-01,31,4,5
1000600,2026-05-01,30,4,1
1000600,2026-06-01,28,4,5
1000600,2026-07-01,28,6,5
1000600,2026-08-01,30,0,5
1000601,2026-03-01,32,1,1
1000601,2026-04-01,36,6,3
1000601,2026-05-01,35,5,1
1000601,2026-06-01,39,4,5
1000601,2026-07-01,30,1,2
1000601,2026-08-01,33,1,4
1000602,2026-03-01,14,3,2
1000602,2026-04-01,14,0,4
1000602,2026-05-01,14,2,4
1000602,2026-06-01,11,2,4
1000602,2026-07-01,14,3,1
1000602,2026-08-01,13,6,4
1000603,2026-03-01,28,0,3
1000603,2026-04-01,33,1,1
1000603,2026-05-01,27,5,5
1000603,2026-06-01,25,5,3
1000603,2026-07-01,33,4,1
1000603,2026-08-01,31,5,3
1000604,2026-03-01,37,1,2
1000604,2026-04-01,32,2,4
1000604,2026-05-01,34,3,3
1000604,2026-06-01,34,5,3
1000604,2026-07-01,34,4,4
1000604,2026-08-01,30,1,5
1000605,2026-03-01,15,5,2
1000605,2026-04-01,16,6,2
1000605,2026-05-01,17,6,4
1000605,2026-06-01,16,0,2
1000605,2026-07-01,20,4,5
1000605,2026-08-01,19,2,3
1000606,2026-03-01,10,4,4
1000606,2026-04-01,9,0,3
1000606,2026-05-01,11,2,4
1000606,2026-06-01,9,5,4
1000606,2026-07-01,8,1,2
1000606,2026-08-01,9,4,2
1000607,2026-03-01,27,3,1
1000607,2026-04-01,29,0,5
1000607,2026-05-01,24,1,2
1000607,2026-06-01,23,6,4
1000607,2026-07-01,22,4,4
1000607,2026-08-01,24,2,1
1000608,2026-03-01,8,4,2
1000608,2026-04-01,7,5,5
1000608,2026-05-01,8,0,4
1000608,2026-06-01,8,1,1
1000608,2026-07-01,7,0,5
1000608,2026-08-01,8,2,1
1000609,2026-03-01,8,4,2
1000609,2026-04-01,9,0,2
1000609,2026-05-01,8,5,2
1000609,2026-06-01,7,1,4
1000609,2026-07-01,9,5,4
1000609,2026-08-01,8,1,5
1000610,2026-03-01,38,5,3
1000610,2026-04-01,40,1,2
1000610,2026-05-01,39,1,1
1000610,2026-06-01,38,1,1
1000610,2026-07-01,42,6,2
1000610,2026-08-01,36,2,2
1000611,2026-03-01,37,3,1
1000611,2026-04-01,43,4,5
1000611,2026-05-01,35,1,3
1000611,2026-06-01,40,6,5
1000611,2026-07-01,35,3,2
1000611,2026-08-01,44,2,2
1000612,2026-03-01,36,4,4
1000612,2026-04-01,31,1,1
1000612,2026-05-01,30,1,4
1000612,2026-06-01,30,0,2
1000612,2026-07-01,37,3,4
1000612,2026-08-01,36,4,5
1000613,2026-03-01,40,3,4
1000613,2026-04-01,38,6,4
1000613,2026-05-01,36,3,5
1000613,2026-06-01,35,4,3
1000613,2026-07-01,34,5,3
1000613,2026-08-01,32,0,5
1000614,2026-03-01,15,4,3
1000614,2026-04-01,14,0,1
1000614,2026-05-01,16,0,4
1000614,2026-06-01,13,6,3
1000614,2026-07-01,17,0,1
1000614,2026-08-01,15,6,4
1000615,2026-03-01,35,4,5
1000615,2026-04-01,30,2,5
1000615,2026-05-01,36,3,5
1000615,2026-06-01,32,1,2
1000615,2026-07-01,35,2,5
1000615,2026-08-01,33,6,5
1000616,2026-03-01,34,0,1
1000616,2026-04-01,30,4,2
1000616,2026-05-01,37,1,1
1000616,2026-06-01,32,4,1
1000616,2026-07-01,30,3,1
1000616,2026-08-01,29,5,2
1000617,2026-03-01,40,3,3
1000617,2026-04-01,41,1,2
1000617,2026-05-01,38,5,2
1000617,2026-06-01,40,4,4
1000617,2026-07-01,45,2,3
1000617,2026-08-01,34,6,2
1000618,2026-03-01,9,4,1
1000618,2026-04-01,10,1,1
1000618,2026-05-01,9,4,1
1000618,2026-06-01,8,1,5
1000618,2026-07-01,10,2,3
1000618,2026-08-01,9,3,5
1000619,2026-03-01,42,1,5
1000619,2026-04-01,38,1,5
1000619,2026-05-01,43,4,4
1000619,2026-06-01,32,2,1
1000619,2026-07-01,40,2,4
1000619,2026-08-01,35,6,3
1000620,2026-03-01,14,3,1
1000620,2026-04-01,14,6,2
1000620,2026-05-01,14,3,1
1000620,2026-06-01,14,6,4
1000620,2026-07-01,15,6,5
1000620,2026-08-01,13,3,4
1000621,2026-03-01,34,5,3
1000621,2026-04-01,34,0,4
1000621,2026-05-01,31,0,2
1000621,2026-06-01,40,6,2
1000621,2026-07-01,32,4,3
1000621,2026-08-01,41,2,1
1000622,2026-03-01,16,1,5
1000622,2026-04-01,18,6,4
1000622,2026-05-01,18,5,5
1000622,2026-06-01,19,5,1
1000622,2026-07-01,16,4,2
1000622,2026-08-01,16,4,3
1000623,2026-03-01,19,6,5
1000623,2026-04-01,15,4,4
1000623,2026-05-01,17,3,5
1000623,2026-06-01,18,2,5
1000623,2026-07-01,18,2,1
1000623,2026-08-01,18,4,4
1000624,2026-03-01,28,6,2
1000624,2026-04-01,29,2,5
1000624,2026-05-01,23,5,4
1000624,2026-06-01,27,6,4
1000624,2026-07-01,29,2,4
1000624,2026-08-01,28,3,5
1000625,2026-03-01,26,0,4
1000625,2026-04-01,21,2,4
1000625,2026-05-01,21,3,4
1000625,2026-06-01,27,4,5
1000625,2026-07-01,26,3,3
1000625,2026-08-01,21,0,1
1000626,2026-03-01,17,6,1
1000626,2026-04-01,21,3,5
1000626,2026-05-01,20,4,3
1000626,2026-06-01,20,2,4
1000626,2026-07-01,22,2,5
1000626,2026-08-01,22,0,1
1000627,2026-03-01,35,4,3
1000627,2026-04-01,35,0,4
1000627,2026-05-01,38,2,5
1000627,2026-06-01,41,2,1
1000627,2026-07-01,33,2,5
1000627,2026-08-01,36,2,4
1000628,2026-03-01,9,6,2
1000628,2026-04-01,10,5,5
1000628,2026-05-01,9,4,5
1000628,2026-06-01,9,1,3
1000628,2026-07-01,9,4,2
1000628,2026-08-01,11,4,5
1000629,2026-03-01,11,4,1
1000629,2026-04-01,12,6,2
1000629,2026-05-01,11,6,5
1000629,2026-06-01,13,5,2
1000629,2026-07-01,12,0,2
1000629,2026-08-01,14,3,2
1000630,2026-03-01,18,4,3
1000630,2026-04-01,15,2,3
1000630,2026-05-01,12,4,3
1000630,2026-06-01,9,4,3
1000630,2026-07-01,6,0,2
1000630,2026-08-01,3,0,2
1000631,2026-03-01,31,5,5
1000631,2026-04-01,31,4,4
1000631,2026-05-01,28,6,2
1000631,2026-06-01,28,5,4
1000631,2026-07-01,34,4,3
1000631,2026-08-01,32,0,2
1000632,2026-03-01,22,1,2
1000632,2026-04-01,22,3,2
1000632,2026-05-01,21,5,3
1000632,2026-06-01,18,3,2
1000632,2026-07-01,20,1,4
1000632,2026-08-01,18,4,1
1000633,2026-03-01,40,6,5
1000633,2026-04-01,38,4,3
1000633,2026-05-01,36,4,2
1000633,2026-06-01,41,4,4
1000633,2026-07-01,38,3,5
1000633,2026-08-01,45,6,4
1000634,2026-03-01,34,5,5
1000634,2026-04-01,37,0,5
1000634,2026-05-01,40,0,3
1000634,2026-06-01,41,1,2
1000634,2026-07-01,33,5,4
1000634,2026-08-01,35,4,5
1000635,2026-03-01,28,3,5
1000635,2026-04-01,23,6,1
1000635,2026-05-01,18,1,1
1000635,2026-06-01,14,4,4
1000635,2026-07-01,9,6,4
1000635,2026-08-01,4,5,1
1000636,2026-03-01,27,2,4
1000636,2026-04-01,27,6,5
1000636,2026-05-01,26,6,4
1000636,2026-06-01,26,1,2
1000636,2026-07-01,29,4,4
1000636,2026-08-01,30,4,3
1000637,2026-03-01,23,4,4
1000637,2026-04-01,18,1,5
1000637,2026-05-01,18,2,3
1000637,2026-06-01,20,0,2
1000637,2026-07-01,22,0,1
1000637,2026-08-01,22,0,4
1000638,2026-03-01,19,2,1
1000638,2026-04-01,23,5,3
1000638,2026-05-01,18,5,1
1000638,2026-06-01,19,1,2
1000638,2026-07-01,20,4,2
1000638,2026-08-01,20,3,2
1000639,2026-03-01,29,0,3
1000639,2026-04-01,24,5,1
1000639,2026-05-01,19,1,2
1000639,2026-06-01,14,1,1
1000639,2026-07-01,9,4,2
1000639,2026-08-01,4,3,2
1000640,2026-03-01,18,3,4
1000640,2026-04-01,18,2,2
1000640,2026-05-01,17,4,1
1000640,2026-06-01,18,5,3
1000640,2026-07-01,17,6,5
1000640,2026-08-01,20,2,1
1000641,2026-03-01,23,6,5
1000641,2026-04-01,19,6,3
1000641,2026-05-01,15,4,3
1000641,2026-06-01,11,0,2
1000641,2026-07-01,7,6,4
1000641,2026-08-01,3,2,5
1000642,2026-03-01,8,0,5
1000642,2026-04-01,9,6,3
1000642,2026-05-01,8,5,5
1000642,2026-06-01,10,5,4
1000642,2026-07-01,7,6,5
1000642,2026-08-01,9,3,1
1000643,2026-03-01,16,1,5
1000643,2026-04-01,13,3,4
1000643,2026-05-01,14,6,2
1000643,2026-06-01,15,5,2
1000643,2026-07-01,15,2,4
1000643,2026-08-01,13,5,3
1000644,2026-03-01,38,5,1
1000644,2026-04-01,36,0,3
1000644,2026-05-01,41,6,4
1000644,2026-06-01,44,1,4
1000644,2026-07-01,42,2,2
1000644,2026-08-01,35,4,3
1000645,2026-03-01,31,4,3
1000645,2026-04-01,27,6,1
1000645,2026-05-01,27,2,1
1000645,2026-06-01,32,5,4
1000645,2026-07-01,35,5,1
1000645,2026-08-01,31,0,3
1000646,2026-03-01,24,6,5
1000646,2026-04-01,19,0,2
1000646,2026-05-01,21,5,3
1000646,2026-06-01,23,3,5
1000646,2026-07-01,23,3,4
1000646,2026-08-01,18,4,1
1000647,2026-03-01,15,3,1
1000647,2026-04-01,17,2,4
1000647,2026-05-01,18,6,5
1000647,2026-06-01,16,0,2
1000647,2026-07-01,18,1,3
1000647,2026-08-01,18,6,2
1000648,2026-03-01,33,5,2
1000648,2026-04-01,36,4,3
1000648,2026-05-01,38,6,4
1000648,2026-06-01,32,0,2
1000648,2026-07-01,31,0,2
1000648,2026-08-01,32,5,2
1000649,2026-03-01,11,2,1
1000649,2026-04-01,10,5,3
1000649,2026-05-01,11,1,4
1000649,2026-06-01,11,2,1
1000649,2026-07-01,12,1,5
1000649,2026-08-01,11,6,1
1000650,2026-03-01,23,3,2
1000650,2026-04-01,24,5,4
1000650,2026-05-01,21,2,5
1000650,2026-06-01,28,3,4
1000650,2026-07-01,25,0,1
1000650,2026-08-01,27,5,5
1000651,2026-03-01,25,2,5
1000651,2026-04-01,27,0,5
1000651,2026-05-01,33,1,1
1000651,2026-06-01,27,5,1
1000651,2026-07-01,29,6,1
1000651,2026-08-01,30,4,2
1000652,2026-03-01,29,3,5
1000652,2026-04-01,37,3,2
1000652,2026-05-01,29,0,2
1000652,2026-06-01,35,0,5
1000652,2026-07-01,30,0,3
1000652,2026-08-01,33,6,1
1000653,2026-03-01,36,6,2
1000653,2026-04-01,36,6,1
1000653,2026-05-01,31,3,2
1000653,2026-06-01,33,1,2
1000653,2026-07-01,37,6,3
1000653,2026-08-01,31,4,5
1000654,2026-03-01,29,1,4
1000654,2026-04-01,33,3,4
1000654,2026-05-01,27,1,4
1000654,2026-06-01,27,3,2
1000654,2026-07-01,28,4,3
1000654,2026-08-01,32,0,1
1000655,2026-03-01,23,6,5
1000655,2026-04-01,21,3,4
1000655,2026-05-01,24,2,5
1000655,2026-06-01,24,6,2
1000655,2026-07-01,24,0,4
1000655,2026-08-01,20,6,5
1000656,2026-03-01,29,2,3
1000656,2026-04-01,32,0,4
1000656,2026-05-01,28,2,1
1000656,2026-06-01,30,3,4
1000656,2026-07-01,26,2,5
1000656,2026-08-01,30,2,4
1000657,2026-03-01,9,2,4
1000657,2026-04-01,11,3,3
1000657,2026-05-01,9,0,4
1000657,2026-06-01,8,2,5
1000657,2026-07-01,10,1,4
1000657,2026-08-01,8,0,2
1000658,2026-03-01,30,6,3
1000658,2026-04-01,33,0,3
1000658,2026-05-01,26,3,2
1000658,2026-06-01,33,6,1
1000658,2026-07-01,32,0,5
1000658,2026-08-01,30,6,1
1000659,2026-03-01,28,3,1
1000659,2026-04-01,26,3,5
1000659,2026-05-01,33,6,2
1000659,2026-06-01,31,2,5
1000659,2026-07-01,31,4,2
1000659,2026-08-01,33,0,5
1000660,2026-03-01,26,0,5
1000660,2026-04-01,24,3,5
1000660,2026-05-01,22,0,4
1000660,2026-06-01,24,2,4
1000660,2026-07-01,26,3,3
1000660,2026-08-01,25,2,5
1000661,2026-03-01,24,1,3
1000661,2026-04-01,21,6,1
1000661,2026-05-01,27,4,3
1000661,2026-06-01,28,4,1
1000661,2026-07-01,22,6,2
1000661,2026-08-01,25,4,5
1000662,2026-03-01,8,2,4
1000662,2026-04-01,6,5,5
1000662,2026-05-01,5,6,2
1000662,2026-06-01,4,1,2
1000662,2026-07-01,2,4,2
1000662,2026-08-01,1,5,5
1000663,2026-03-01,17,0,2
1000663,2026-04-01,17,4,3
1000663,2026-05-01,14,4,1
1000663,2026-06-01,16,5,4
1000663,2026-07-01,16,6,4
1000663,2026-08-01,15,2,5
1000664,2026-03-01,40,1,2
1000664,2026-04-01,37,3,1
1000664,2026-05-01,35,2,5
1000664,2026-06-01,36,4,3
1000664,2026-07-01,37,1,1
1000664,2026-08-01,33,5,4
1000665,2026-03-01,29,5,4
1000665,2026-04-01,27,5,4
1000665,2026-05-01,26,6,3
1000665,2026-06-01,31,2,5
1000665,2026-07-01,24,2,2
1000665,2026-08-01,25,1,4
1000666,2026-03-01,24,2,1
1000666,2026-04-01,25,6,2
1000666,2026-05-01,23,4,2
1000666,2026-06-01,25,3,4
1000666,2026-07-01,20,2,3
1000666,2026-08-01,24,1,5
1000667,2026-03-01,20,4,4
1000667,2026-04-01,19,6,4
1000667,2026-05-01,19,3,4
1000667,2026-06-01,22,1,3
1000667,2026-07-01,23,1,3
1000667,2026-08-01,20,4,1
1000668,2026-03-01,14,4,3
1000668,2026-04-01,15,2,5
1000668,2026-05-01,13,0,4
1000668,2026-06-01,14,2,3
1000668,2026-07-01,15,2,2
1000668,2026-08-01,13,1,4
1000669,2026-03-01,22,1,3
1000669,2026-04-01,18,5,4
1000669,2026-05-01,19,0,1
1000669,2026-06-01,23,1,4
1000669,2026-07-01,20,3,2
1000669,2026-08-01,22,1,4
1000670,2026-03-01,38,3,3
1000670,2026-04-01,39,3,2
1000670,2026-05-01,35,0,3
1000670,2026-06-01,41,6,5
1000670,2026-07-01,38,3,1
1000670,2026-08-01,34,0,3
1000671,2026-03-01,30,5,4
1000671,2026-04-01,35,5,4
1000671,2026-05-01,36,0,1
1000671,2026-06-01,38,6,5
1000671,2026-07-01,29,5,2
1000671,2026-08-01,35,4,3
1000672,2026-03-01,26,0,1
1000672,2026-04-01,27,4,4
1000672,2026-05-01,24,1,5
1000672,2026-06-01,26,0,3
1000672,2026-07-01,25,3,5
1000672,2026-08-01,26,1,4
1000673,2026-03-01,35,3,4
1000673,2026-04-01,29,1,5
1000673,2026-05-01,23,3,5
1000673,2026-06-01,17,5,4
1000673,2026-07-01,11,0,2
1000673,2026-08-01,5,4,1
1000674,2026-03-01,27,3,5
1000674,2026-04-01,26,1,1
1000674,2026-05-01,24,6,4
1000674,2026-06-01,26,0,1
1000674,2026-07-01,25,0,2
1000674,2026-08-01,22,4,2
1000675,2026-03-01,35,6,1
1000675,2026-04-01,37,0,4
1000675,2026-05-01,32,6,3
1000675,2026-06-01,34,6,2
1000675,2026-07-01,29,2,4
1000675,2026-08-01,32,3,4
1000676,2026-03-01,6,1,4
1000676,2026-04-01,7,2,4
1000676,2026-05-01,7,6,4
1000676,2026-06-01,8,4,4
1000676,2026-07-01,7,6,3
1000676,2026-08-01,8,2,1
1000677,2026-03-01,36,3,3
1000677,2026-04-01,36,5,2
1000677,2026-05-01,41,3,3
1000677,2026-06-01,37,3,1
1000677,2026-07-01,38,4,2
1000677,2026-08-01,35,6,2
1000678,2026-03-01,24,1,5
1000678,2026-04-01,24,0,4
1000678,2026-05-01,24,2,4
1000678,2026-06-01,31,4,2
1000678,2026-07-01,29,6,4
1000678,2026-08-01,27,0,4
1000679,2026-03-01,22,0,2
1000679,2026-04-01,19,0,4
1000679,2026-05-01,18,4,5
1000679,2026-06-01,23,5,4
1000679,2026-07-01,19,3,5
1000679,2026-08-01,22,4,5
1000680,2026-03-01,22,6,5
1000680,2026-04-01,18,2,3
1000680,2026-05-01,14,5,4
1000680,2026-06-01,11,6,4
1000680,2026-07-01,7,0,4
1000680,2026-08-01,3,5,4
1000681,2026-03-01,18,3,1
1000681,2026-04-01,22,2,4
1000681,2026-05-01,20,3,4
1000681,2026-06-01,22,2,2
1000681,2026-07-01,18,6,3
1000681,2026-08-01,18,5,1
1000682,2026-03-01,27,2,1
1000682,2026-04-01,28,1,3
1000682,2026-05-01,30,1,1
1000682,2026-06-01,28,0,1
1000682,2026-07-01,29,5,3
1000682,2026-08-01,28,3,5
1000683,2026-03-01,31,4,4
1000683,2026-04-01,31,2,4
1000683,2026-05-01,41,2,5
1000683,2026-06-01,31,5,3
1000683,2026-07-01,35,3,2
1000683,2026-08-01,35,1,1
1000684,2026-03-01,31,6,5
1000684,2026-04-01,25,4,1
1000684,2026-05-01,20,3,4
1000684,2026-06-01,15,3,1
1000684,2026-07-01,10,1,2
1000684,2026-08-01,5,4,5
1000685,2026-03-01,21,1,1
1000685,2026-04-01,17,3,3
1000685,2026-05-01,14,3,1
1000685,2026-06-01,10,0,1
1000685,2026-07-01,7,6,2
1000685,2026-08-01,3,1,5
1000686,2026-03-01,14,6,5
1000686,2026-04-01,14,3,5
1000686,2026-05-01,14,6,3
1000686,2026-06-01,13,6,3
1000686,2026-07-01,14,5,3
1000686,2026-08-01,13,2,4
1000687,2026-03-01,35,2,4
1000687,2026-04-01,36,3,1
1000687,2026-05-01,35,4,2
1000687,2026-06-01,36,0,1
1000687,2026-07-01,38,3,1
1000687,2026-08-01,34,6,1
1000688,2026-03-01,9,1,1
1000688,2026-04-01,8,0,1
1000688,2026-05-01,10,2,2
1000688,2026-06-01,11,3,2
1000688,2026-07-01,10,0,2
1000688,2026-08-01,9,6,5
1000689,2026-03-01,24,3,5
1000689,2026-04-01,25,0,5
1000689,2026-05-01,24,4,5
1000689,2026-06-01,24,6,2
1000689,2026-07-01,18,1,1
1000689,2026-08-01,21,2,2
1000690,2026-03-01,22,4,1
1000690,2026-04-01,22,3,2
1000690,2026-05-01,22,4,1
1000690,2026-06-01,19,2,5
1000690,2026-07-01,20,4,4
1000690,2026-08-01,24,3,2
1000691,2026-03-01,24,2,4
1000691,2026-04-01,28,6,1
1000691,2026-05-01,29,1,2
1000691,2026-06-01,24,1,1
1000691,2026-07-01,30,1,2
1000691,2026-08-01,25,1,1
1000692,2026-03-01,10,5,3
1000692,2026-04-01,11,6,1
1000692,2026-05-01,10,2,5
1000692,2026-06-01,11,3,2
1000692,2026-07-01,12,5,2
1000692,2026-08-01,10,5,5
1000693,2026-03-01,24,6,4
1000693,2026-04-01,20,0,3
1000693,2026-05-01,16,1,2
1000693,2026-06-01,12,2,4
1000693,2026-07-01,8,5,5
1000693,2026-08-01,4,2,3
1000694,2026-03-01,25,3,2
1000694,2026-04-01,23,0,5
1000694,2026-05-01,23,0,2
1000694,2026-06-01,20,1,4
1000694,2026-07-01,21,0,3
1000694,2026-08-01,26,3,1
1000695,2026-03-01,26,0,3
1000695,2026-04-01,21,6,3
1000695,2026-05-01,17,5,5
1000695,2026-06-01,13,0,1
1000695,2026-07-01,8,1,3
1000695,2026-08-01,4,4,2
1000696,2026-03-01,38,1,3
1000696,2026-04-01,31,4,3
1000696,2026-05-01,25,4,5
1000696,2026-06-01,19,1,2
1000696,2026-07-01,12,6,1
1000696,2026-08-01,6,1,4
1000697,2026-03-01,12,2,5
1000697,2026-04-01,10,0,2
1000697,2026-05-01,8,2,3
1000697,2026-06-01,6,0,3
1000697,2026-07-01,4,1,2
1000697,2026-08-01,2,0,3
1000698,2026-03-01,9,5,1
1000698,2026-04-01,10,5,3
1000698,2026-05-01,10,3,1
1000698,2026-06-01,9,2,2
1000698,2026-07-01,10,5,1
1000698,2026-08-01,10,6,1
1000699,2026-03-01,24,0,5
1000699,2026-04-01,23,1,3
1000699,2026-05-01,26,0,4
1000699,2026-06-01,26,2,1
1000699,2026-07-01,21,6,2
1000699,2026-08-01,22,1,4
1000700,2026-03-01,25,1,3
1000700,2026-04-01,25,3,2
1000700,2026-05-01,32,1,1
1000700,2026-06-01,25,6,4
1000700,2026-07-01,25,3,2
1000700,2026-08-01,30,1,5
1000701,2026-03-01,29,0,3
1000701,2026-04-01,34,3,2
1000701,2026-05-01,32,3,4
1000701,2026-06-01,30,3,1
1000701,2026-07-01,33,0,4
1000701,2026-08-01,37,4,1
1000702,2026-03-01,20,3,5
1000702,2026-04-01,16,5,1
1000702,2026-05-01,13,6,1
1000702,2026-06-01,10,5,5
1000702,2026-07-01,6,4,5
1000702,2026-08-01,3,6,4
1000703,2026-03-01,27,3,3
1000703,2026-04-01,23,0,2
1000703,2026-05-01,26,0,4
1000703,2026-06-01,29,3,4
1000703,2026-07-01,26,3,1
1000703,2026-08-01,24,5,2
1000704,2026-03-01,30,3,3
1000704,2026-04-01,29,1,2
1000704,2026-05-01,28,5,3
1000704,2026-06-01,30,1,4
1000704,2026-07-01,28,0,2
1000704,2026-08-01,28,5,5
1000705,2026-03-01,15,6,1
1000705,2026-04-01,16,2,4
1000705,2026-05-01,14,1,1
1000705,2026-06-01,15,5,4
1000705,2026-07-01,17,1,1
1000705,2026-08-01,15,2,4
1000706,2026-03-01,21,5,5
1000706,2026-04-01,19,0,2
1000706,2026-05-01,18,2,1
1000706,2026-06-01,20,5,2
1000706,2026-07-01,18,6,3
1000706,2026-08-01,22,6,5
1000707,2026-03-01,21,3,5
1000707,2026-04-01,22,3,3
1000707,2026-05-01,20,6,3
1000707,2026-06-01,19,3,3
1000707,2026-07-01,20,6,4
1000707,2026-08-01,22,0,5
1000708,2026-03-01,27,2,2
1000708,2026-04-01,31,3,2
1000708,2026-05-01,31,2,4
1000708,2026-06-01,26,3,4
1000708,2026-07-01,27,6,5
1000708,2026-08-01,33,1,4
1000709,2026-03-01,14,2,5
1000709,2026-04-01,13,2,5
1000709,2026-05-01,15,3,2
1000709,2026-06-01,15,4,4
1000709,2026-07-01,14,3,1
1000709,2026-08-01,13,3,5
1000710,2026-03-01,10,5,3
1000710,2026-04-01,10,6,1
1000710,2026-05-01,10,2,2
1000710,2026-06-01,8,3,4
1000710,2026-07-01,9,2,3
1000710,2026-08-01,11,2,1
1000711,2026-03-01,26,1,5
1000711,2026-04-01,26,2,1
1000711,2026-05-01,31,6,5
1000711,2026-06-01,27,0,2
1000711,2026-07-01,25,0,3
1000711,2026-08-01,26,6,1
1000712,2026-03-01,16,6,2
1000712,2026-04-01,13,2,1
1000712,2026-05-01,10,1,2
1000712,2026-06-01,8,6,1
1000712,2026-07-01,5,2,2
1000712,2026-08-01,2,5,2
1000713,2026-03-01,25,0,3
1000713,2026-04-01,22,5,3
1000713,2026-05-01,24,5,1
1000713,2026-06-01,21,2,2
1000713,2026-07-01,23,4,2
1000713,2026-08-01,23,1,4
1000714,2026-03-01,23,2,1
1000714,2026-04-01,22,5,5
1000714,2026-05-01,28,0,1
1000714,2026-06-01,26,0,4
1000714,2026-07-01,27,3,4
1000714,2026-08-01,22,0,2
1000715,2026-03-01,17,3,4
1000715,2026-04-01,18,0,1
1000715,2026-05-01,16,1,3
1000715,2026-06-01,16,1,3
1000715,2026-07-01,14,2,5
1000715,2026-08-01,15,1,3
1000716,2026-03-01,30,5,5
1000716,2026-04-01,25,3,5
1000716,2026-05-01,20,4,5
1000716,2026-06-01,15,5,2
1000716,2026-07-01,10,2,1
1000716,2026-08-01,5,2,4
1000717,2026-03-01,35,4,3
1000717,2026-04-01,39,0,5
1000717,2026-05-01,38,4,4
1000717,2026-06-01,39,2,3
1000717,2026-07-01,39,2,1
1000717,2026-08-01,41,3,2
1000718,2026-03-01,32,5,1
1000718,2026-04-01,30,5,5
1000718,2026-05-01,27,3,3
1000718,2026-06-01,32,5,3
1000718,2026-07-01,28,2,2
1000718,2026-08-01,26,3,5
1000719,2026-03-01,23,4,5
1000719,2026-04-01,22,0,1
1000719,2026-05-01,27,0,1
1000719,2026-06-01,28,5,3
1000719,2026-07-01,25,6,2
1000719,2026-08-01,24,1,4
1000720,2026-03-01,21,1,2
1000720,2026-04-01,23,2,4
1000720,2026-05-01,27,4,4
1000720,2026-06-01,23,3,5
1000720,2026-07-01,22,6,2
1000720,2026-08-01,20,0,3
1000721,2026-03-01,42,0,5
1000721,2026-04-01,37,0,1
1000721,2026-05-01,33,6,2
1000721,2026-06-01,37,0,1
1000721,2026-07-01,38,0,2
1000721,2026-08-01,42,0,4
1000722,2026-03-01,33,5,2
1000722,2026-04-01,31,4,3
1000722,2026-05-01,33,6,3
1000722,2026-06-01,28,3,2
1000722,2026-07-01,25,4,2
1000722,2026-08-01,32,5,2
1000723,2026-03-01,12,1,4
1000723,2026-04-01,11,3,5
1000723,2026-05-01,11,0,2
1000723,2026-06-01,10,3,4
1000723,2026-07-01,10,2,2
1000723,2026-08-01,13,6,2
1000724,2026-03-01,18,3,1
1000724,2026-04-01,20,1,4
1000724,2026-05-01,21,3,4
1000724,2026-06-01,20,0,4
1000724,2026-07-01,21,5,2
1000724,2026-08-01,22,4,4
1000725,2026-03-01,44,4,1
1000725,2026-04-01,42,1,1
1000725,2026-05-01,34,4,2
1000725,2026-06-01,42,4,4
1000725,2026-07-01,33,2,4
1000725,2026-08-01,33,5,1
1000726,2026-03-01,30,6,5
1000726,2026-04-01,25,2,3
1000726,2026-05-01,27,2,5
1000726,2026-06-01,29,4,5
1000726,2026-07-01,24,5,4
1000726,2026-08-01,29,6,5
1000727,2026-03-01,34,6,3
1000727,2026-04-01,33,2,2
1000727,2026-05-01,29,1,5
1000727,2026-06-01,29,2,2
1000727,2026-07-01,37,4,3
1000727,2026-08-01,29,1,5
1000728,2026-03-01,11,4,1
1000728,2026-04-01,11,5,2
1000728,2026-05-01,12,0,2
1000728,2026-06-01,12,3,5
1000728,2026-07-01,12,0,4
1000728,2026-08-01,11,3,2
1000729,2026-03-01,40,5,3
1000729,2026-04-01,43,6,1
1000729,2026-05-01,34,4,2
1000729,2026-06-01,42,0,1
1000729,2026-07-01,39,0,3
1000729,2026-08-01,35,2,1
1000730,2026-03-01,29,3,1
1000730,2026-04-01,33,4,4
1000730,2026-05-01,29,6,3
1000730,2026-06-01,32,4,3
1000730,2026-07-01,25,3,4
1000730,2026-08-01,28,3,3
1000731,2026-03-01,15,2,5
1000731,2026-04-01,18,1,1
1000731,2026-05-01,14,6,4
1000731,2026-06-01,19,4,5
1000731,2026-07-01,14,6,1
1000731,2026-08-01,16,3,3
1000732,2026-03-01,18,1,1
1000732,2026-04-01,15,2,2
1000732,2026-05-01,12,6,1
1000732,2026-06-01,9,2,1
1000732,2026-07-01,6,4,1
1000732,2026-08-01,3,0,2
1000733,2026-03-01,28,4,4
1000733,2026-04-01,31,3,3
1000733,2026-05-01,30,1,4
1000733,2026-06-01,34,2,2
1000733,2026-07-01,26,4,4
1000733,2026-08-01,34,0,3
1000734,2026-03-01,33,3,5
1000734,2026-04-01,33,6,4
1000734,2026-05-01,37,6,5
1000734,2026-06-01,33,4,5
1000734,2026-07-01,32,3,3
1000734,2026-08-01,37,2,2
1000735,2026-03-01,18,0,4
1000735,2026-04-01,17,6,4
1000735,2026-05-01,16,6,5
1000735,2026-06-01,16,6,4
1000735,2026-07-01,19,0,4
1000735,2026-08-01,19,0,2
1000736,2026-03-01,36,6,3
1000736,2026-04-01,33,2,3
1000736,2026-05-01,36,5,4
1000736,2026-06-01,39,3,4
1000736,2026-07-01,30,4,1
1000736,2026-08-01,36,5,3
1000737,2026-03-01,13,2,4
1000737,2026-04-01,14,4,5
1000737,2026-05-01,14,5,3
1000737,2026-06-01,16,6,1
1000737,2026-07-01,15,6,4
1000737,2026-08-01,15,1,5
1000738,2026-03-01,7,3,3
1000738,2026-04-01,7,2,5
1000738,2026-05-01,8,4,5
1000738,2026-06-01,7,5,5
1000738,2026-07-01,7,2,5
1000738,2026-08-01,7,3,4
1000739,2026-03-01,34,2,3
1000739,2026-04-01,31,6,2
1000739,2026-05-01,38,0,3
1000739,2026-06-01,38,0,2
1000739,2026-07-01,29,2,4
1000739,2026-08-01,38,5,2
1000740,2026-03-01,30,6,5
1000740,2026-04-01,26,5,1
1000740,2026-05-01,27,2,3
1000740,2026-06-01,29,5,1
1000740,2026-07-01,26,6,1
1000740,2026-08-01,28,2,4
1000741,2026-03-01,8,1,4
1000741,2026-04-01,9,3,5
1000741,2026-05-01,9,2,5
1000741,2026-06-01,9,6,2
1000741,2026-07-01,8,2,4
1000741,2026-08-01,9,2,4
1000742,2026-03-01,33,0,4
1000742,2026-04-01,32,4,2
1000742,2026-05-01,31,3,5
1000742,2026-06-01,34,0,5
1000742,2026-07-01,29,3,4
1000742,2026-08-01,33,0,4
1000743,2026-03-01,35,3,2
1000743,2026-04-01,41,6,4
1000743,2026-05-01,38,5,2
1000743,2026-06-01,35,4,2
1000743,2026-07-01,40,0,5
1000743,2026-08-01,37,0,4
1000744,2026-03-01,11,0,3
1000744,2026-04-01,13,4,2
1000744,2026-05-01,13,2,5
1000744,2026-06-01,11,3,2
1000744,2026-07-01,11,6,4
1000744,2026-08-01,12,6,2
1000745,2026-03-01,36,2,2
1000745,2026-04-01,36,0,4
1000745,2026-05-01,32,1,5
1000745,2026-06-01,41,2,4
1000745,2026-07-01,33,1,3
1000745,2026-08-01,37,1,4
1000746,2026-03-01,32,4,4
1000746,2026-04-01,35,5,3
1000746,2026-05-01,28,3,3
1000746,2026-06-01,29,2,1
1000746,2026-07-01,28,4,4
1000746,2026-08-01,29,3,3
1000747,2026-03-01,30,1,5
1000747,2026-04-01,23,0,4
1000747,2026-05-01,29,2,2
1000747,2026-06-01,28,2,5
1000747,2026-07-01,30,3,3
1000747,2026-08-01,28,4,3
1000748,2026-03-01,15,4,3
1000748,2026-04-01,12,3,5
1000748,2026-05-01,10,6,5
1000748,2026-06-01,7,1,3
1000748,2026-07-01,5,5,1
1000748,2026-08-01,2,3,4
1000749,2026-03-01,17,6,3
1000749,2026-04-01,14,0,1
1000749,2026-05-01,17,5,4
1000749,2026-06-01,16,6,3
1000749,2026-07-01,15,6,4
1000749,2026-08-01,14,1,4
1000750,2026-03-01,13,0,1
1000750,2026-04-01,13,4,2
1000750,2026-05-01,10,3,5
1000750,2026-06-01,10,0,1
1000750,2026-07-01,10,5,3
1000750,2026-08-01,12,1,1
1000751,2026-03-01,34,1,2
1000751,2026-04-01,33,2,4
1000751,2026-05-01,34,6,4
1000751,2026-06-01,33,4,5
1000751,2026-07-01,32,1,5
1000751,2026-08-01,30,3,2
1000752,2026-03-01,8,1,2
1000752,2026-04-01,8,0,1
1000752,2026-05-01,7,2,5
1000752,2026-06-01,7,5,4
1000752,2026-07-01,8,6,4
1000752,2026-08-01,8,0,2
1000753,2026-03-01,38,6,4
1000753,2026-04-01,31,1,5
1000753,2026-05-01,39,3,4
1000753,2026-06-01,40,6,2
1000753,2026-07-01,33,2,2
1000753,2026-08-01,36,6,2
1000754,2026-03-01,14,2,5
1000754,2026-04-01,15,4,1
1000754,2026-05-01,12,0,2
1000754,2026-06-01,15,0,1
1000754,2026-07-01,12,5,1
1000754,2026-08-01,14,5,2
1000755,2026-03-01,36,6,4
1000755,2026-04-01,38,1,2
1000755,2026-05-01,41,5,3
1000755,2026-06-01,32,5,1
1000755,2026-07-01,35,1,2
1000755,2026-08-01,38,2,5
1000756,2026-03-01,31,0,4
1000756,2026-04-01,30,3,2
1000756,2026-05-01,29,1,3
1000756,2026-06-01,31,6,3
1000756,2026-07-01,32,0,5
1000756,2026-08-01,31,2,1
1000757,2026-03-01,39,0,1
1000757,2026-04-01,34,6,1
1000757,2026-05-01,34,2,2
1000757,2026-06-01,44,3,1
1000757,2026-07-01,41,3,1
1000757,2026-08-01,44,2,5
1000758,2026-03-01,36,3,2
1000758,2026-04-01,39,4,5
1000758,2026-05-01,34,3,1
1000758,2026-06-01,37,6,1
1000758,2026-07-01,40,1,1
1000758,2026-08-01,31,2,2
1000759,2026-03-01,13,0,4
1000759,2026-04-01,11,1,4
1000759,2026-05-01,11,6,4
1000759,2026-06-01,11,1,4
1000759,2026-07-01,12,3,2
1000759,2026-08-01,14,4,5
1000760,2026-03-01,36,3,3
1000760,2026-04-01,30,3,2
1000760,2026-05-01,24,3,1
1000760,2026-06-01,18,6,1
1000760,2026-07-01,12,1,5
1000760,2026-08-01,6,4,5
1000761,2026-03-01,40,3,4
1000761,2026-04-01,41,4,2
1000761,2026-05-01,34,5,5
1000761,2026-06-01,33,5,3
1000761,2026-07-01,38,3,2
1000761,2026-08-01,39,1,4
1000762,2026-03-01,21,6,4
1000762,2026-04-01,17,2,3
1000762,2026-05-01,14,3,2
1000762,2026-06-01,10,0,1
1000762,2026-07-01,7,6,2
1000762,2026-08-01,3,6,3
1000763,2026-03-01,15,0,2
1000763,2026-04-01,12,5,2
1000763,2026-05-01,10,3,5
1000763,2026-06-01,7,0,2
1000763,2026-07-01,5,6,2
1000763,2026-08-01,2,6,4
1000764,2026-03-01,28,6,3
1000764,2026-04-01,29,6,3
1000764,2026-05-01,24,6,1
1000764,2026-06-01,30,5,4
1000764,2026-07-01,26,4,3
1000764,2026-08-01,24,3,2
1000765,2026-03-01,13,0,5
1000765,2026-04-01,14,1,4
1000765,2026-05-01,15,2,2
1000765,2026-06-01,15,3,5
1000765,2026-07-01,15,3,3
1000765,2026-08-01,11,0,3
1000766,2026-03-01,27,1,4
1000766,2026-04-01,22,5,1
1000766,2026-05-01,18,4,2
1000766,2026-06-01,13,6,5
1000766,2026-07-01,9,1,1
1000766,2026-08-01,4,1,3
1000767,2026-03-01,13,5,4
1000767,2026-04-01,13,4,5
1000767,2026-05-01,14,0,5
1000767,2026-06-01,14,3,3
1000767,2026-07-01,13,5,2
1000767,2026-08-01,16,5,5
1000768,2026-03-01,31,0,1
1000768,2026-04-01,25,1,4
1000768,2026-05-01,20,6,5
1000768,2026-06-01,15,3,4
1000768,2026-07-01,10,3,5
1000768,2026-08-01,5,0,4
1000769,2026-03-01,24,3,3
1000769,2026-04-01,22,2,4
1000769,2026-05-01,28,6,2
1000769,2026-06-01,24,5,2
1000769,2026-07-01,24,3,2
1000769,2026-08-01,25,1,4
1000770,2026-03-01,12,2,2
1000770,2026-04-01,15,2,1
1000770,2026-05-01,15,5,2
1000770,2026-06-01,14,2,1
1000770,2026-07-01,13,0,2
1000770,2026-08-01,15,0,5
1000771,2026-03-01,10,4,3
1000771,2026-04-01,10,1,2
1000771,2026-05-01,11,2,3
1000771,2026-06-01,11,1,1
1000771,2026-07-01,13,4,2
1000771,2026-08-01,11,2,5
1000772,2026-03-01,34,5,2
1000772,2026-04-01,31,5,3
1000772,2026-05-01,29,0,3
1000772,2026-06-01,34,2,3
1000772,2026-07-01,34,5,5
1000772,2026-08-01,33,3,2
1000773,2026-03-01,23,2,2
1000773,2026-04-01,20,3,3
1000773,2026-05-01,20,4,3
1000773,2026-06-01,25,2,2
1000773,2026-07-01,20,5,4
1000773,2026-08-01,23,1,4
1000774,2026-03-01,28,2,1
1000774,2026-04-01,23,4,4
1000774,2026-05-01,18,0,4
1000774,2026-06-01,14,6,1
1000774,2026-07-01,9,4,2
1000774,2026-08-01,4,1,4
1000775,2026-03-01,13,1,4
1000775,2026-04-01,16,2,5
1000775,2026-05-01,15,4,5
1000775,2026-06-01,16,1,5
1000775,2026-07-01,15,1,2
1000775,2026-08-01,15,1,1
1000776,2026-03-01,31,3,3
1000776,2026-04-01,29,4,1
1000776,2026-05-01,32,3,3
1000776,2026-06-01,30,0,2
1000776,2026-07-01,30,0,4
1000776,2026-08-01,33,6,1
1000777,2026-03-01,41,2,2
1000777,2026-04-01,32,6,1
1000777,2026-05-01,42,6,5
1000777,2026-06-01,42,1,5
1000777,2026-07-01,35,1,4
1000777,2026-08-01,39,1,1
1000778,2026-03-01,21,4,4
1000778,2026-04-01,21,1,5
1000778,2026-05-01,22,1,3
1000778,2026-06-01,20,2,4
1000778,2026-07-01,25,0,5
1000778,2026-08-01,19,0,4
1000779,2026-03-01,16,2,1
1000779,2026-04-01,21,1,4
1000779,2026-05-01,20,3,1
1000779,2026-06-01,19,1,5
1000779,2026-07-01,19,2,1
1000779,2026-08-01,17,1,4
1000780,2026-03-01,15,1,1
1000780,2026-04-01,15,5,4
1000780,2026-05-01,15,4,1
1000780,2026-06-01,12,0,2
1000780,2026-07-01,13,1,2
1000780,2026-08-01,13,6,5
1000781,2026-03-01,10,4,1
1000781,2026-04-01,7,2,1
1000781,2026-05-01,10,4,4
1000781,2026-06-01,8,3,5
1000781,2026-07-01,9,6,2
1000781,2026-08-01,9,5,3
1000782,2026-03-01,23,4,4
1000782,2026-04-01,26,0,1
1000782,2026-05-01,25,3,3
1000782,2026-06-01,22,4,3
1000782,2026-07-01,22,6,1
1000782,2026-08-01,27,5,3
1000783,2026-03-01,27,6,5
1000783,2026-04-01,28,2,5
1000783,2026-05-01,24,1,5
1000783,2026-06-01,28,6,5
1000783,2026-07-01,30,3,1
1000783,2026-08-01,23,5,1
1000784,2026-03-01,36,4,5
1000784,2026-04-01,38,5,2
1000784,2026-05-01,38,3,3
1000784,2026-06-01,44,1,5
1000784,2026-07-01,41,2,2
1000784,2026-08-01,39,6,3
1000785,2026-03-01,26,1,2
1000785,2026-04-01,23,0,2
1000785,2026-05-01,21,4,5
1000785,2026-06-01,25,0,2
1000785,2026-07-01,23,4,4
1000785,2026-08-01,22,3,2
1000786,2026-03-01,10,1,5
1000786,2026-04-01,10,2,4
1000786,2026-05-01,12,1,2
1000786,2026-06-01,10,3,5
1000786,2026-07-01,10,1,4
1000786,2026-08-01,11,3,2
1000787,2026-03-01,16,2,3
1000787,2026-04-01,13,4,5
1000787,2026-05-01,10,6,1
1000787,2026-06-01,8,0,3
1000787,2026-07-01,5,0,4
1000787,2026-08-01,2,2,3
1000788,2026-03-01,18,4,5
1000788,2026-04-01,19,1,2
1000788,2026-05-01,20,1,3
1000788,2026-06-01,17,1,5
1000788,2026-07-01,19,1,3
1000788,2026-08-01,17,5,5
1000789,2026-03-01,23,2,5
1000789,2026-04-01,18,4,3
1000789,2026-05-01,22,5,1
1000789,2026-06-01,24,4,5
1000789,2026-07-01,20,0,1
1000789,2026-08-01,19,6,3
1000790,2026-03-01,14,2,2
1000790,2026-04-01,12,3,3
1000790,2026-05-01,13,2,5
1000790,2026-06-01,14,1,4
1000790,2026-07-01,15,6,5
1000790,2026-08-01,15,1,2
1000791,2026-03-01,14,4,3
1000791,2026-04-01,18,3,3
1000791,2026-05-01,16,3,1
1000791,2026-06-01,16,2,5
1000791,2026-07-01,17,0,2
1000791,2026-08-01,14,1,1
1000792,2026-03-01,19,3,1
1000792,2026-04-01,22,3,4
1000792,2026-05-01,21,4,1
1000792,2026-06-01,19,5,5
1000792,2026-07-01,17,6,5
1000792,2026-08-01,20,3,4
1000793,2026-03-01,28,5,4
1000793,2026-04-01,23,1,5
1000793,2026-05-01,18,3,1
1000793,2026-06-01,14,3,4
1000793,2026-07-01,9,2,5
1000793,2026-08-01,4,0,4
1000794,2026-03-01,22,6,1
1000794,2026-04-01,22,3,1
1000794,2026-05-01,19,1,2
1000794,2026-06-01,22,1,3
1000794,2026-07-01,18,2,4
1000794,2026-08-01,18,6,1
1000795,2026-03-01,39,2,3
1000795,2026-04-01,38,1,1
1000795,2026-05-01,36,0,3
1000795,2026-06-01,34,4,4
1000795,2026-07-01,42,1,1
1000795,2026-08-01,43,4,2
1000796,2026-03-01,40,6,3
1000796,2026-04-01,36,2,2
1000796,2026-05-01,36,3,3
1000796,2026-06-01,42,4,2
1000796,2026-07-01,32,4,5
1000796,2026-08-01,32,1,1
1000797,2026-03-01,28,6,3
1000797,2026-04-01,29,3,4
1000797,2026-05-01,28,4,2
1000797,2026-06-01,29,5,1
1000797,2026-07-01,34,1,3
1000797,2026-08-01,33,0,2
1000798,2026-03-01,7,3,2
1000798,2026-04-01,8,5,4
1000798,2026-05-01,6,6,3
1000798,2026-06-01,8,6,1
1000798,2026-07-01,8,5,5
1000798,2026-08-01,8,5,3
1000799,2026-03-01,20,1,5
1000799,2026-04-01,21,2,5
1000799,2026-05-01,22,4,5
1000799,2026-06-01,21,0,5
1000799,2026-07-01,24,5,2
1000799,2026-08-01,20,5,3
1000800,2026-03-01,35,0,2
1000800,2026-04-01,43,3,5
1000800,2026-05-01,34,0,5
1000800,2026-06-01,39,3,3
1000800,2026-07-01,35,4,2
1000800,2026-08-01,32,4,5
1000801,2026-03-01,19,6,5
1000801,2026-04-01,21,1,1
1000801,2026-05-01,23,1,5
1000801,2026-06-01,24,2,2
1000801,2026-07-01,23,3,5
1000801,2026-08-01,24,5,1
1000802,2026-03-01,32,5,1
1000802,2026-04-01,28,3,3
1000802,2026-05-01,28,1,4
1000802,2026-06-01,36,1,5
1000802,2026-07-01,32,4,1
1000802,2026-08-01,28,6,4
1000803,2026-03-01,12,3,1
1000803,2026-04-01,17,3,1
1000803,2026-05-01,17,1,2
1000803,2026-06-01,16,1,1
1000803,2026-07-01,13,2,1
1000803,2026-08-01,15,2,4
1000804,2026-03-01,32,3,1
1000804,2026-04-01,35,1,1
1000804,2026-05-01,34,5,1
1000804,2026-06-01,32,1,4
1000804,2026-07-01,33,5,1
1000804,2026-08-01,35,4,2
1000805,2026-03-01,11,4,4
1000805,2026-04-01,12,0,4
1000805,2026-05-01,12,5,3
1000805,2026-06-01,11,1,2
1000805,2026-07-01,11,2,3
1000805,2026-08-01,10,6,5
1000806,2026-03-01,29,5,4
1000806,2026-04-01,24,6,1
1000806,2026-05-01,19,2,3
1000806,2026-06-01,14,4,5
1000806,2026-07-01,9,1,3
1000806,2026-08-01,4,5,3
1000807,2026-03-01,23,4,3
1000807,2026-04-01,30,6,1
1000807,2026-05-01,30,5,2
1000807,2026-06-01,26,3,5
1000807,2026-07-01,24,6,4
1000807,2026-08-01,23,5,1
1000808,2026-03-01,38,0,1
1000808,2026-04-01,39,3,1
1000808,2026-05-01,37,5,3
1000808,2026-06-01,33,6,3
1000808,2026-07-01,35,6,1
1000808,2026-08-01,28,5,5
1000809,2026-03-01,22,2,3
1000809,2026-04-01,21,6,5
1000809,2026-05-01,21,0,2
1000809,2026-06-01,20,4,4
1000809,2026-07-01,20,5,4
1000809,2026-08-01,19,6,1
1000810,2026-03-01,8,5,4
1000810,2026-04-01,9,4,4
1000810,2026-05-01,11,1,3
1000810,2026-06-01,9,0,1
1000810,2026-07-01,8,3,5
1000810,2026-08-01,9,4,1
1000811,2026-03-01,14,5,4
1000811,2026-04-01,11,5,2
1000811,2026-05-01,12,5,3
1000811,2026-06-01,13,0,4
1000811,2026-07-01,14,4,4
1000811,2026-08-01,11,1,2
1000812,2026-03-01,8,0,5
1000812,2026-04-01,6,6,3
1000812,2026-05-01,5,0,3
1000812,2026-06-01,4,2,4
1000812,2026-07-01,2,3,5
1000812,2026-08-01,1,4,1
1000813,2026-03-01,19,0,1
1000813,2026-04-01,21,4,1
1000813,2026-05-01,22,6,1
1000813,2026-06-01,23,0,4
1000813,2026-07-01,22,1,4
1000813,2026-08-01,22,3,4
1000814,2026-03-01,26,1,3
1000814,2026-04-01,21,5,2
1000814,2026-05-01,17,5,1
1000814,2026-06-01,13,6,3
1000814,2026-07-01,8,5,3
1000814,2026-08-01,4,1,5
1000815,2026-03-01,17,2,2
1000815,2026-04-01,15,1,5
1000815,2026-05-01,15,5,5
1000815,2026-06-01,14,2,4
1000815,2026-07-01,14,6,1
1000815,2026-08-01,18,2,1
1000816,2026-03-01,28,6,2
1000816,2026-04-01,26,6,1
1000816,2026-05-01,25,1,4
1000816,2026-06-01,29,2,5
1000816,2026-07-01,26,3,4
1000816,2026-08-01,28,2,3
1000817,2026-03-01,13,5,1
1000817,2026-04-01,14,0,4
1000817,2026-05-01,13,3,4
1000817,2026-06-01,12,3,4
1000817,2026-07-01,14,3,1
1000817,2026-08-01,12,2,2
1000818,2026-03-01,20,5,1
1000818,2026-04-01,16,2,4
1000818,2026-05-01,13,6,1
1000818,2026-06-01,10,3,3
1000818,2026-07-01,6,1,2
1000818,2026-08-01,3,2,4
1000819,2026-03-01,6,5,1
1000819,2026-04-01,9,4,1
1000819,2026-05-01,6,3,1
1000819,2026-06-01,7,1,1
1000819,2026-07-01,8,5,4
1000819,2026-08-01,7,0,1
1000820,2026-03-01,9,2,5
1000820,2026-04-01,8,2,1
1000820,2026-05-01,9,6,2
1000820,2026-06-01,10,6,3
1000820,2026-07-01,8,2,5
1000820,2026-08-01,10,6,5
1000821,2026-03-01,9,4,1
1000821,2026-04-01,8,3,1
1000821,2026-05-01,7,2,2
1000821,2026-06-01,7,4,3
1000821,2026-07-01,9,2,4
1000821,2026-08-01,9,2,2
1000822,2026-03-01,24,4,2
1000822,2026-04-01,19,1,3
1000822,2026-05-01,19,5,4
1000822,2026-06-01,23,0,1
1000822,2026-07-01,24,3,4
1000822,2026-08-01,18,6,3
1000823,2026-03-01,32,6,2
1000823,2026-04-01,34,4,2
1000823,2026-05-01,27,4,2
1000823,2026-06-01,32,5,4
1000823,2026-07-01,30,1,5
1000823,2026-08-01,28,1,1
1000824,2026-03-01,39,5,2
1000824,2026-04-01,33,2,4
1000824,2026-05-01,37,1,2
1000824,2026-06-01,33,0,4
1000824,2026-07-01,40,4,4
1000824,2026-08-01,39,4,1
1000825,2026-03-01,25,3,2
1000825,2026-04-01,25,3,4
1000825,2026-05-01,28,0,1
1000825,2026-06-01,31,5,1
1000825,2026-07-01,31,4,3
1000825,2026-08-01,32,6,3
1000826,2026-03-01,22,5,4
1000826,2026-04-01,18,3,4
1000826,2026-05-01,14,4,2
1000826,2026-06-01,11,3,3
1000826,2026-07-01,7,3,2
1000826,2026-08-01,3,6,1
1000827,2026-03-01,37,5,1
1000827,2026-04-01,37,1,5
1000827,2026-05-01,31,6,1
1000827,2026-06-01,40,3,4
1000827,2026-07-01,38,3,4
1000827,2026-08-01,31,0,4
1000828,2026-03-01,41,5,2
1000828,2026-04-01,37,6,2
1000828,2026-05-01,35,2,3
1000828,2026-06-01,32,0,5
1000828,2026-07-01,36,3,3
1000828,2026-08-01,32,0,4
1000829,2026-03-01,14,4,5
1000829,2026-04-01,11,0,2
1000829,2026-05-01,14,2,1
1000829,2026-06-01,12,0,3
1000829,2026-07-01,14,6,2
1000829,2026-08-01,13,4,3
1000830,2026-03-01,24,3,1
1000830,2026-04-01,24,6,4
1000830,2026-05-01,26,4,1
1000830,2026-06-01,30,6,4
1000830,2026-07-01,23,4,3
1000830,2026-08-01,32,3,5
1000831,2026-03-01,37,1,3
1000831,2026-04-01,37,1,5
1000831,2026-05-01,37,6,3
1000831,2026-06-01,35,3,3
1000831,2026-07-01,39,0,4
1000831,2026-08-01,30,0,5
1000832,2026-03-01,38,1,1
1000832,2026-04-01,31,1,3
1000832,2026-05-01,25,3,2
1000832,2026-06-01,19,5,4
1000832,2026-07-01,12,2,2
1000832,2026-08-01,6,4,3
1000833,2026-03-01,11,3,1
1000833,2026-04-01,14,0,2
1000833,2026-05-01,11,3,4
1000833,2026-06-01,12,0,4
1000833,2026-07-01,12,6,3
1000833,2026-08-01,13,6,2
1000834,2026-03-01,36,6,2
1000834,2026-04-01,34,4,1
1000834,2026-05-01,31,4,3
1000834,2026-06-01,34,6,4
1000834,2026-07-01,35,6,5
1000834,2026-08-01,35,1,3
1000835,2026-03-01,21,4,3
1000835,2026-04-01,19,3,4
1000835,2026-05-01,23,4,1
1000835,2026-06-01,20,0,3
1000835,2026-07-01,23,4,1
1000835,2026-08-01,23,4,4
1000836,2026-03-01,36,4,5
1000836,2026-04-01,31,5,1
1000836,2026-05-01,31,6,5
1000836,2026-06-01,36,2,1
1000836,2026-07-01,32,1,1
1000836,2026-08-01,33,6,5
1000837,2026-03-01,24,4,3
1000837,2026-04-01,19,5,4
1000837,2026-05-01,20,4,3
1000837,2026-06-01,23,1,2
1000837,2026-07-01,25,4,1
1000837,2026-08-01,23,3,3
1000838,2026-03-01,29,4,1
1000838,2026-04-01,26,4,2
1000838,2026-05-01,29,4,1
1000838,2026-06-01,26,2,2
1000838,2026-07-01,30,2,3
1000838,2026-08-01,25,3,4
1000839,2026-03-01,31,0,2
1000839,2026-04-01,24,3,2
1000839,2026-05-01,26,6,4
1000839,2026-06-01,29,0,1
1000839,2026-07-01,30,6,5
1000839,2026-08-01,25,4,5
1000840,2026-03-01,6,3,5
1000840,2026-04-01,8,2,5
1000840,2026-05-01,7,0,1
1000840,2026-06-01,8,5,1
1000840,2026-07-01,8,4,2
1000840,2026-08-01,8,2,2
1000841,2026-03-01,29,4,3
1000841,2026-04-01,29,1,2
1000841,2026-05-01,23,3,1
1000841,2026-06-01,28,1,4
1000841,2026-07-01,25,6,5
1000841,2026-08-01,27,1,1
1000842,2026-03-01,18,4,4
1000842,2026-04-01,18,3,3
1000842,2026-05-01,16,3,2
1000842,2026-06-01,16,3,1
1000842,2026-07-01,16,2,1
1000842,2026-08-01,18,3,1
1000843,2026-03-01,16,4,1
1000843,2026-04-01,13,5,4
1000843,2026-05-01,10,6,1
1000843,2026-06-01,8,1,5
1000843,2026-07-01,5,0,1
1000843,2026-08-01,2,5,4
1000844,2026-03-01,7,0,4
1000844,2026-04-01,8,2,2
1000844,2026-05-01,8,2,2
1000844,2026-06-01,8,4,4
1000844,2026-07-01,9,0,1
1000844,2026-08-01,8,6,2
1000845,2026-03-01,15,5,3
1000845,2026-04-01,14,3,4
1000845,2026-05-01,13,4,2
1000845,2026-06-01,14,3,5
1000845,2026-07-01,15,1,2
1000845,2026-08-01,16,1,3
1000846,2026-03-01,25,1,4
1000846,2026-04-01,22,6,5
1000846,2026-05-01,28,5,3
1000846,2026-06-01,23,1,4
1000846,2026-07-01,29,4,5
1000846,2026-08-01,27,4,2
1000847,2026-03-01,39,0,5
1000847,2026-04-01,32,1,1
1000847,2026-05-01,26,4,1
1000847,2026-06-01,19,6,2
1000847,2026-07-01,13,6,4
1000847,2026-08-01,6,0,2
1000848,2026-03-01,21,0,5
1000848,2026-04-01,20,1,3
1000848,2026-05-01,19,3,1
1000848,2026-06-01,24,0,4
1000848,2026-07-01,19,1,3
1000848,2026-08-01,18,0,2
1000849,2026-03-01,27,3,5
1000849,2026-04-01,31,0,2
1000849,2026-05-01,29,0,5
1000849,2026-06-01,32,3,3
1000849,2026-07-01,25,0,3
1000849,2026-08-01,25,4,4
1000850,2026-03-01,8,1,3
1000850,2026-04-01,8,2,5
1000850,2026-05-01,8,6,5
1000850,2026-06-01,8,6,3
1000850,2026-07-01,7,0,4
1000850,2026-08-01,9,2,5
1000851,2026-03-01,21,6,2
1000851,2026-04-01,17,1,5
1000851,2026-05-01,14,5,3
1000851,2026-06-01,10,3,2
1000851,2026-07-01,7,5,4
1000851,2026-08-01,3,5,5
1000852,2026-03-01,23,4,2
1000852,2026-04-01,18,5,4
1000852,2026-05-01,19,4,4
1000852,2026-06-01,19,6,5
1000852,2026-07-01,18,3,3
1000852,2026-08-01,23,5,1
1000853,2026-03-01,36,0,1
1000853,2026-04-01,31,2,4
1000853,2026-05-01,39,6,5
1000853,2026-06-01,41,0,1
1000853,2026-07-01,40,5,5
1000853,2026-08-01,36,6,3
1000854,2026-03-01,14,6,4
1000854,2026-04-01,11,5,5
1000854,2026-05-01,9,1,2
1000854,2026-06-01,7,1,2
1000854,2026-07-01,4,4,2
1000854,2026-08-01,2,5,1
1000855,2026-03-01,35,2,2
1000855,2026-04-01,29,0,3
1000855,2026-05-01,29,1,1
1000855,2026-06-01,30,5,5
1000855,2026-07-01,30,5,5
1000855,2026-08-01,30,5,3
1000856,2026-03-01,10,2,1
1000856,2026-04-01,13,4,2
1000856,2026-05-01,13,6,3
1000856,2026-06-01,13,3,2
1000856,2026-07-01,13,3,2
1000856,2026-08-01,12,2,2
1000857,2026-03-01,21,0,1
1000857,2026-04-01,26,2,3
1000857,2026-05-01,25,5,2
1000857,2026-06-01,23,4,3
1000857,2026-07-01,21,3,2
1000857,2026-08-01,28,5,2
1000858,2026-03-01,32,1,4
1000858,2026-04-01,26,5,1
1000858,2026-05-01,29,5,3
1000858,2026-06-01,26,4,4
1000858,2026-07-01,27,4,1
1000858,2026-08-01,34,2,4
1000859,2026-03-01,13,1,4
1000859,2026-04-01,15,2,1
1000859,2026-05-01,12,3,1
1000859,2026-06-01,14,4,2
1000859,2026-07-01,13,1,5
1000859,2026-08-01,13,6,2
1000860,2026-03-01,41,2,2
1000860,2026-04-01,34,3,1
1000860,2026-05-01,38,2,3
1000860,2026-06-01,33,5,3
1000860,2026-07-01,32,1,4
1000860,2026-08-01,37,0,5
1000861,2026-03-01,29,2,3
1000861,2026-04-01,32,2,2
1000861,2026-05-01,33,1,5
1000861,2026-06-01,36,1,4
1000861,2026-07-01,35,6,1
1000861,2026-08-01,30,0,5
1000862,2026-03-01,34,4,1
1000862,2026-04-01,30,4,4
1000862,2026-05-01,36,5,1
1000862,2026-06-01,38,2,2
1000862,2026-07-01,39,6,3
1000862,2026-08-01,36,3,1
1000863,2026-03-01,20,6,2
1000863,2026-04-01,19,0,5
1000863,2026-05-01,20,6,2
1000863,2026-06-01,19,5,2
1000863,2026-07-01,23,1,4
1000863,2026-08-01,22,6,2
1000864,2026-03-01,9,2,5
1000864,2026-04-01,10,1,2
1000864,2026-05-01,9,1,5
1000864,2026-06-01,10,6,1
1000864,2026-07-01,12,3,3
1000864,2026-08-01,9,3,2
1000865,2026-03-01,28,0,5
1000865,2026-04-01,35,1,5
1000865,2026-05-01,35,1,5
1000865,2026-06-01,29,3,2
1000865,2026-07-01,30,0,1
1000865,2026-08-01,27,2,2
1000866,2026-03-01,7,2,3
1000866,2026-04-01,8,1,1
1000866,2026-05-01,7,1,2
1000866,2026-06-01,8,4,5
1000866,2026-07-01,7,4,4
1000866,2026-08-01,7,2,4
1000867,2026-03-01,38,6,4
1000867,2026-04-01,31,4,5
1000867,2026-05-01,25,6,5
1000867,2026-06-01,19,2,1
1000867,2026-07-01,12,6,2
1000867,2026-08-01,6,0,4
1000868,2026-03-01,35,4,4
1000868,2026-04-01,36,2,2
1000868,2026-05-01,27,5,3
1000868,2026-06-01,36,2,2
1000868,2026-07-01,36,6,1
1000868,2026-08-01,28,0,4
1000869,2026-03-01,24,6,1
1000869,2026-04-01,19,3,3
1000869,2026-05-01,20,2,5
1000869,2026-06-01,24,3,3
1000869,2026-07-01,19,0,4
1000869,2026-08-01,25,4,4
1000870,2026-03-01,16,6,3
1000870,2026-04-01,17,4,4
1000870,2026-05-01,18,3,2
1000870,2026-06-01,15,6,1
1000870,2026-07-01,15,0,5
1000870,2026-08-01,18,4,4
1000871,2026-03-01,33,3,1
1000871,2026-04-01,27,2,3
1000871,2026-05-01,22,2,3
1000871,2026-06-01,16,1,5
1000871,2026-07-01,11,0,4
1000871,2026-08-01,5,1,1
1000872,2026-03-01,26,6,3
1000872,2026-04-01,23,5,1
1000872,2026-05-01,26,3,2
1000872,2026-06-01,22,3,5
1000872,2026-07-01,25,4,2
1000872,2026-08-01,23,3,2
1000873,2026-03-01,12,0,3
1000873,2026-04-01,14,2,5
1000873,2026-05-01,15,4,2
1000873,2026-06-01,15,6,1
1000873,2026-07-01,13,3,3
1000873,2026-08-01,14,3,5
1000874,2026-03-01,38,6,3
1000874,2026-04-01,31,0,4
1000874,2026-05-01,39,0,4
1000874,2026-06-01,38,3,5
1000874,2026-07-01,38,4,3
1000874,2026-08-01,36,4,5
1000875,2026-03-01,7,3,4
1000875,2026-04-01,8,0,1
1000875,2026-05-01,7,0,5
1000875,2026-06-01,7,0,3
1000875,2026-07-01,8,2,1
1000875,2026-08-01,7,4,4
1000876,2026-03-01,17,6,3
1000876,2026-04-01,16,4,3
1000876,2026-05-01,14,1,3
1000876,2026-06-01,15,4,1
1000876,2026-07-01,18,1,1
1000876,2026-08-01,18,0,2
1000877,2026-03-01,16,2,3
1000877,2026-04-01,15,4,2
1000877,2026-05-01,19,0,5
1000877,2026-06-01,19,6,3
1000877,2026-07-01,18,3,5
1000877,2026-08-01,19,0,5
1000878,2026-03-01,37,1,2
1000878,2026-04-01,37,5,1
1000878,2026-05-01,37,2,1
1000878,2026-06-01,29,3,5
1000878,2026-07-01,29,3,2
1000878,2026-08-01,33,6,3
1000879,2026-03-01,34,6,5
1000879,2026-04-01,28,1,5
1000879,2026-05-01,22,4,1
1000879,2026-06-01,17,1,3
1000879,2026-07-01,11,2,4
1000879,2026-08-01,5,0,4
1000880,2026-03-01,32,2,5
1000880,2026-04-01,37,0,3
1000880,2026-05-01,33,3,3
1000880,2026-06-01,32,1,4
1000880,2026-07-01,35,4,5
1000880,2026-08-01,38,6,1
1000881,2026-03-01,16,1,4
1000881,2026-04-01,13,4,3
1000881,2026-05-01,10,3,5
1000881,2026-06-01,8,2,3
1000881,2026-07-01,5,4,5
1000881,2026-08-01,2,6,1
1000882,2026-03-01,41,6,1
1000882,2026-04-01,41,0,3
1000882,2026-05-01,45,5,5
1000882,2026-06-01,38,2,4
1000882,2026-07-01,34,2,2
1000882,2026-08-01,36,6,1
1000883,2026-03-01,22,1,5
1000883,2026-04-01,23,5,1
1000883,2026-05-01,21,6,4
1000883,2026-06-01,25,1,5
1000883,2026-07-01,22,0,5
1000883,2026-08-01,24,2,1
1000884,2026-03-01,9,6,5
1000884,2026-04-01,10,4,5
1000884,2026-05-01,8,2,5
1000884,2026-06-01,9,4,1
1000884,2026-07-01,8,3,4
1000884,2026-08-01,9,6,2
1000885,2026-03-01,11,1,1
1000885,2026-04-01,14,4,5
1000885,2026-05-01,14,2,3
1000885,2026-06-01,13,3,2
1000885,2026-07-01,11,1,1
1000885,2026-08-01,11,2,5
1000886,2026-03-01,18,3,1
1000886,2026-04-01,18,1,5
1000886,2026-05-01,14,3,2
1000886,2026-06-01,16,3,2
1000886,2026-07-01,17,4,5
1000886,2026-08-01,13,5,5
1000887,2026-03-01,39,0,4
1000887,2026-04-01,32,4,4
1000887,2026-05-01,26,6,5
1000887,2026-06-01,19,6,4
1000887,2026-07-01,13,4,5
1000887,2026-08-01,6,0,1
1000888,2026-03-01,39,0,2
1000888,2026-04-01,37,0,3
1000888,2026-05-01,37,5,2
1000888,2026-06-01,36,3,3
1000888,2026-07-01,31,2,3
1000888,2026-08-01,40,0,1
1000889,2026-03-01,18,1,4
1000889,2026-04-01,15,2,5
1000889,2026-05-01,12,1,3
1000889,2026-06-01,9,2,2
1000889,2026-07-01,6,5,1
1000889,2026-08-01,3,4,1
1000890,2026-03-01,12,1,5
1000890,2026-04-01,9,4,1
1000890,2026-05-01,12,0,1
1000890,2026-06-01,9,3,1
1000890,2026-07-01,12,1,2
1000890,2026-08-01,12,6,1
1000891,2026-03-01,24,6,2
1000891,2026-04-01,25,5,4
1000891,2026-05-01,29,1,2
1000891,2026-06-01,23,1,5
1000891,2026-07-01,27,5,3
1000891,2026-08-01,30,4,1
1000892,2026-03-01,35,5,1
1000892,2026-04-01,35,6,3
1000892,2026-05-01,40,0,5
1000892,2026-06-01,32,4,3
1000892,2026-07-01,34,3,1
1000892,2026-08-01,36,2,5
1000893,2026-03-01,11,0,3
1000893,2026-04-01,10,5,4
1000893,2026-05-01,12,1,3
1000893,2026-06-01,10,2,1
1000893,2026-07-01,11,2,4
1000893,2026-08-01,13,3,1
1000894,2026-03-01,9,2,3
1000894,2026-04-01,11,3,5
1000894,2026-05-01,10,3,4
1000894,2026-06-01,11,4,1
1000894,2026-07-01,12,0,5
1000894,2026-08-01,11,2,1
1000895,2026-03-01,15,2,2
1000895,2026-04-01,12,4,4
1000895,2026-05-01,13,1,2
1000895,2026-06-01,15,4,5
1000895,2026-07-01,15,6,1
1000895,2026-08-01,12,3,3
1000896,2026-03-01,29,2,3
1000896,2026-04-01,33,1,2
1000896,2026-05-01,32,3,3
1000896,2026-06-01,33,4,5
1000896,2026-07-01,32,2,4
1000896,2026-08-01,28,6,4
1000897,2026-03-01,30,1,2
1000897,2026-04-01,27,1,3
1000897,2026-05-01,25,5,1
1000897,2026-06-01,28,0,3
1000897,2026-07-01,27,3,1
1000897,2026-08-01,31,6,3
1000898,2026-03-01,17,2,3
1000898,2026-04-01,14,1,4
1000898,2026-05-01,11,5,1
1000898,2026-06-01,8,3,2
1000898,2026-07-01,5,6,1
1000898,2026-08-01,2,0,2
1000899,2026-03-01,10,2,1
1000899,2026-04-01,10,4,1
1000899,2026-05-01,12,1,2
1000899,2026-06-01,10,2,3
1000899,2026-07-01,10,6,3
1000899,2026-08-01,11,6,2
1000900,2026-03-01,29,2,1
1000900,2026-04-01,31,1,3
1000900,2026-05-01,29,3,2
1000900,2026-06-01,29,0,5
1000900,2026-07-01,34,5,1
1000900,2026-08-01,30,6,1
1000901,2026-03-01,19,2,2
1000901,2026-04-01,18,5,3
1000901,2026-05-01,19,4,4
1000901,2026-06-01,20,3,3
1000901,2026-07-01,16,2,1
1000901,2026-08-01,20,0,3
1000902,2026-03-01,35,0,2
1000902,2026-04-01,29,6,1
1000902,2026-05-01,23,6,5
1000902,2026-06-01,17,3,5
1000902,2026-07-01,11,5,5
1000902,2026-08-01,5,6,2
1000903,2026-03-01,9,1,4
1000903,2026-04-01,9,5,5
1000903,2026-05-01,9,0,4
1000903,2026-06-01,8,4,2
1000903,2026-07-01,10,5,1
1000903,2026-08-01,8,5,2
1000904,2026-03-01,18,6,4
1000904,2026-04-01,15,3,1
1000904,2026-05-01,12,5,1
1000904,2026-06-01,9,1,2
1000904,2026-07-01,6,0,2
1000904,2026-08-01,3,1,5
1000905,2026-03-01,11,2,2
1000905,2026-04-01,11,0,1
1000905,2026-05-01,11,1,5
1000905,2026-06-01,13,0,1
1000905,2026-07-01,13,1,1
1000905,2026-08-01,11,4,5
1000906,2026-03-01,16,1,3
1000906,2026-04-01,12,2,2
1000906,2026-05-01,15,3,2
1000906,2026-06-01,14,3,3
1000906,2026-07-01,16,6,3
1000906,2026-08-01,17,1,3
1000907,2026-03-01,21,0,5
1000907,2026-04-01,17,6,3
1000907,2026-05-01,14,6,1
1000907,2026-06-01,10,5,3
1000907,2026-07-01,7,0,4
1000907,2026-08-01,3,3,3
1000908,2026-03-01,9,2,3
1000908,2026-04-01,10,3,1
1000908,2026-05-01,9,0,1
1000908,2026-06-01,10,6,5
1000908,2026-07-01,8,6,5
1000908,2026-08-01,9,6,3
1000909,2026-03-01,30,0,5
1000909,2026-04-01,25,4,4
1000909,2026-05-01,28,1,2
1000909,2026-06-01,23,4,4
1000909,2026-07-01,23,0,1
1000909,2026-08-01,24,3,1
1000910,2026-03-01,11,5,5
1000910,2026-04-01,12,2,1
1000910,2026-05-01,11,2,5
1000910,2026-06-01,12,5,1
1000910,2026-07-01,12,4,1
1000910,2026-08-01,13,4,2
1000911,2026-03-01,25,4,5
1000911,2026-04-01,20,2,1
1000911,2026-05-01,16,3,1
1000911,2026-06-01,12,6,3
1000911,2026-07-01,8,5,4
1000911,2026-08-01,4,6,4
1000912,2026-03-01,24,4,5
1000912,2026-04-01,21,2,4
1000912,2026-05-01,21,3,5
1000912,2026-06-01,19,1,2
1000912,2026-07-01,23,3,4
1000912,2026-08-01,19,3,5
1000913,2026-03-01,41,4,5
1000913,2026-04-01,37,5,1
1000913,2026-05-01,34,4,2
1000913,2026-06-01,41,1,1
1000913,2026-07-01,44,5,4
1000913,2026-08-01,43,1,4
1000914,2026-03-01,12,2,2
1000914,2026-04-01,11,4,3
1000914,2026-05-01,12,0,4
1000914,2026-06-01,13,2,2
1000914,2026-07-01,13,3,4
1000914,2026-08-01,11,4,3
1000915,2026-03-01,17,1,1
1000915,2026-04-01,21,2,2
1000915,2026-05-01,20,6,4
1000915,2026-06-01,21,3,2
1000915,2026-07-01,21,6,5
1000915,2026-08-01,20,3,2
1000916,2026-03-01,15,0,1
1000916,2026-04-01,17,4,1
1000916,2026-05-01,16,1,3
1000916,2026-06-01,16,1,1
1000916,2026-07-01,18,2,4
1000916,2026-08-01,20,2,1
1000917,2026-03-01,43,0,1
1000917,2026-04-01,33,0,2
1000917,2026-05-01,34,6,3
1000917,2026-06-01,41,1,5
1000917,2026-07-01,35,1,1
1000917,2026-08-01,36,5,5
1000918,2026-03-01,35,3,5
1000918,2026-04-01,42,6,2
1000918,2026-05-01,42,0,3
1000918,2026-06-01,42,4,5
1000918,2026-07-01,40,5,4
1000918,2026-08-01,42,1,3
1000919,2026-03-01,27,6,4
1000919,2026-04-01,22,2,2
1000919,2026-05-01,18,4,3
1000919,2026-06-01,13,1,3
1000919,2026-07-01,9,6,1
1000919,2026-08-01,4,0,5
1000920,2026-03-01,43,4,3
1000920,2026-04-01,41,4,1
1000920,2026-05-01,38,4,3
1000920,2026-06-01,43,4,5
1000920,2026-07-01,43,2,2
1000920,2026-08-01,36,2,3
1000921,2026-03-01,23,6,3
1000921,2026-04-01,23,2,4
1000921,2026-05-01,21,4,1
1000921,2026-06-01,25,5,2
1000921,2026-07-01,24,5,5
1000921,2026-08-01,20,6,3
1000922,2026-03-01,19,0,2
1000922,2026-04-01,17,5,1
1000922,2026-05-01,14,0,3
1000922,2026-06-01,19,4,2
1000922,2026-07-01,15,6,3
1000922,2026-08-01,18,1,1
1000923,2026-03-01,21,2,4
1000923,2026-04-01,21,1,1
1000923,2026-05-01,21,2,1
1000923,2026-06-01,20,6,2
1000923,2026-07-01,21,2,5
1000923,2026-08-01,19,2,3
1000924,2026-03-01,37,3,5
1000924,2026-04-01,44,6,4
1000924,2026-05-01,36,0,1
1000924,2026-06-01,38,4,3
1000924,2026-07-01,38,2,3
1000924,2026-08-01,38,4,1
1000925,2026-03-01,14,4,5
1000925,2026-04-01,12,3,1
1000925,2026-05-01,13,3,5
1000925,2026-06-01,12,6,1
1000925,2026-07-01,11,4,3
1000925,2026-08-01,14,6,4
1000926,2026-03-01,35,0,5
1000926,2026-04-01,31,5,2
1000926,2026-05-01,36,3,4
1000926,2026-06-01,42,0,3
1000926,2026-07-01,39,4,1
1000926,2026-08-01,33,5,5
1000927,2026-03-01,27,2,2
1000927,2026-04-01,26,4,5
1000927,2026-05-01,24,6,1
1000927,2026-06-01,27,1,1
1000927,2026-07-01,25,3,4
1000927,2026-08-01,23,1,3
1000928,2026-03-01,9,4,3
1000928,2026-04-01,8,1,2
1000928,2026-05-01,7,3,3
1000928,2026-06-01,9,4,2
1000928,2026-07-01,8,5,1
1000928,2026-08-01,7,0,5
1000929,2026-03-01,15,4,5
1000929,2026-04-01,12,1,2
1000929,2026-05-01,15,0,4
1000929,2026-06-01,15,1,4
1000929,2026-07-01,14,4,1
1000929,2026-08-01,14,0,1
1000930,2026-03-01,39,2,1
1000930,2026-04-01,37,1,4
1000930,2026-05-01,30,4,2
1000930,2026-06-01,30,3,4
1000930,2026-07-01,32,4,5
1000930,2026-08-01,39,2,2
1000931,2026-03-01,37,2,1
1000931,2026-04-01,43,0,5
1000931,2026-05-01,39,1,3
1000931,2026-06-01,33,6,5
1000931,2026-07-01,39,4,3
1000931,2026-08-01,40,6,3
1000932,2026-03-01,12,4,3
1000932,2026-04-01,10,4,1
1000932,2026-05-01,12,2,4
1000932,2026-06-01,11,1,1
1000932,2026-07-01,9,5,1
1000932,2026-08-01,11,0,2
1000933,2026-03-01,25,3,2
1000933,2026-04-01,20,1,2
1000933,2026-05-01,16,3,1
1000933,2026-06-01,12,2,4
1000933,2026-07-01,8,3,4
1000933,2026-08-01,4,0,2
1000934,2026-03-01,14,2,5
1000934,2026-04-01,15,3,5
1000934,2026-05-01,14,4,2
1000934,2026-06-01,13,6,5
1000934,2026-07-01,16,4,5
1000934,2026-08-01,15,0,2
1000935,2026-03-01,34,6,1
1000935,2026-04-01,28,1,1
1000935,2026-05-01,22,1,3
1000935,2026-06-01,17,5,4
1000935,2026-07-01,11,2,1
1000935,2026-08-01,5,0,4
1000936,2026-03-01,8,5,4
1000936,2026-04-01,9,0,5
1000936,2026-05-01,9,5,2
1000936,2026-06-01,7,2,5
1000936,2026-07-01,7,6,3
1000936,2026-08-01,8,4,2
1000937,2026-03-01,8,4,2
1000937,2026-04-01,7,2,5
1000937,2026-05-01,9,4,4
1000937,2026-06-01,8,3,1
1000937,2026-07-01,7,1,1
1000937,2026-08-01,6,2,1
1000938,2026-03-01,37,4,4
1000938,2026-04-01,35,3,4
1000938,2026-05-01,31,1,5
1000938,2026-06-01,37,5,4
1000938,2026-07-01,33,2,3
1000938,2026-08-01,34,6,4
1000939,2026-03-01,15,4,3
1000939,2026-04-01,15,1,5
1000939,2026-05-01,12,2,3
1000939,2026-06-01,15,0,2
1000939,2026-07-01,14,0,1
1000939,2026-08-01,12,3,1
1000940,2026-03-01,12,1,2
1000940,2026-04-01,12,6,1
1000940,2026-05-01,12,4,3
1000940,2026-06-01,11,0,5
1000940,2026-07-01,11,6,1
1000940,2026-08-01,12,1,2
1000941,2026-03-01,9,0,2
1000941,2026-04-01,7,1,3
1000941,2026-05-01,6,3,3
1000941,2026-06-01,4,3,2
1000941,2026-07-01,3,3,3
1000941,2026-08-01,1,3,1
1000942,2026-03-01,24,6,1
1000942,2026-04-01,24,3,1
1000942,2026-05-01,25,5,4
1000942,2026-06-01,25,5,3
1000942,2026-07-01,22,4,5
1000942,2026-08-01,21,2,4
1000943,2026-03-01,32,4,3
1000943,2026-04-01,25,1,2
1000943,2026-05-01,34,3,3
1000943,2026-06-01,31,2,5
1000943,2026-07-01,33,5,2
1000943,2026-08-01,33,5,1
1000944,2026-03-01,36,5,4
1000944,2026-04-01,38,4,2
1000944,2026-05-01,37,5,2
1000944,2026-06-01,33,4,3
1000944,2026-07-01,40,0,3
1000944,2026-08-01,35,4,5
1000945,2026-03-01,29,6,5
1000945,2026-04-01,30,1,4
1000945,2026-05-01,26,4,4
1000945,2026-06-01,29,1,1
1000945,2026-07-01,32,3,2
1000945,2026-08-01,32,1,5
1000946,2026-03-01,33,6,5
1000946,2026-04-01,27,2,3
1000946,2026-05-01,22,6,3
1000946,2026-06-01,16,3,3
1000946,2026-07-01,11,0,1
1000946,2026-08-01,5,2,4
1000947,2026-03-01,41,3,5
1000947,2026-04-01,33,0,2
1000947,2026-05-01,35,3,4
1000947,2026-06-01,43,2,2
1000947,2026-07-01,39,5,5
1000947,2026-08-01,36,1,3
1000948,2026-03-01,9,0,4
1000948,2026-04-01,9,5,4
1000948,2026-05-01,9,1,5
1000948,2026-06-01,9,5,2
1000948,2026-07-01,8,1,2
1000948,2026-08-01,10,1,5
1000949,2026-03-01,22,3,3
1000949,2026-04-01,18,5,1
1000949,2026-05-01,14,1,5
1000949,2026-06-01,11,2,2
1000949,2026-07-01,7,5,3
1000949,2026-08-01,3,2,4
1000950,2026-03-01,14,5,4
1000950,2026-04-01,16,0,4
1000950,2026-05-01,16,4,3
1000950,2026-06-01,16,3,3
1000950,2026-07-01,15,4,4
1000950,2026-08-01,14,6,5
1000951,2026-03-01,21,0,2
1000951,2026-04-01,17,6,3
1000951,2026-05-01,14,2,5
1000951,2026-06-01,10,4,5
1000951,2026-07-01,7,4,3
1000951,2026-08-01,3,2,3
1000952,2026-03-01,31,5,1
1000952,2026-04-01,42,3,2
1000952,2026-05-01,42,5,2
1000952,2026-06-01,41,3,1
1000952,2026-07-01,37,3,4
1000952,2026-08-01,40,1,3
1000953,2026-03-01,36,6,2
1000953,2026-04-01,31,0,5
1000953,2026-05-01,34,1,4
1000953,2026-06-01,33,5,3
1000953,2026-07-01,37,3,2
1000953,2026-08-01,37,6,1
1000954,2026-03-01,34,2,3
1000954,2026-04-01,32,3,2
1000954,2026-05-01,26,6,1
1000954,2026-06-01,27,3,2
1000954,2026-07-01,31,4,5
1000954,2026-08-01,28,6,3
1000955,2026-03-01,32,4,1
1000955,2026-04-01,31,5,1
1000955,2026-05-01,29,4,1
1000955,2026-06-01,27,5,1
1000955,2026-07-01,28,3,5
1000955,2026-08-01,35,6,1
1000956,2026-03-01,24,4,5
1000956,2026-04-01,20,6,4
1000956,2026-05-01,16,3,2
1000956,2026-06-01,12,1,4
1000956,2026-07-01,8,3,3
1000956,2026-08-01,4,2,4
1000957,2026-03-01,29,6,5
1000957,2026-04-01,24,0,2
1000957,2026-05-01,19,4,3
1000957,2026-06-01,14,1,1
1000957,2026-07-01,9,0,2
1000957,2026-08-01,4,6,4
1000958,2026-03-01,36,0,5
1000958,2026-04-01,36,4,2
1000958,2026-05-01,38,0,5
1000958,2026-06-01,36,3,5
1000958,2026-07-01,38,1,5
1000958,2026-08-01,30,0,5
1000959,2026-03-01,29,3,5
1000959,2026-04-01,32,0,4
1000959,2026-05-01,34,2,1
1000959,2026-06-01,27,6,3
1000959,2026-07-01,29,3,4
1000959,2026-08-01,29,4,4
1000960,2026-03-01,20,3,2
1000960,2026-04-01,20,6,5
1000960,2026-05-01,18,0,4
1000960,2026-06-01,16,0,4
1000960,2026-07-01,17,5,3
1000960,2026-08-01,17,4,3
1000961,2026-03-01,24,2,1
1000961,2026-04-01,28,2,5
1000961,2026-05-01,25,2,4
1000961,2026-06-01,29,5,2
1000961,2026-07-01,30,2,2
1000961,2026-08-01,28,1,5
1000962,2026-03-01,42,2,4
1000962,2026-04-01,44,3,1
1000962,2026-05-01,35,4,3
1000962,2026-06-01,36,0,4
1000962,2026-07-01,45,1,3
1000962,2026-08-01,44,1,3
1000963,2026-03-01,23,2,5
1000963,2026-04-01,29,0,2
1000963,2026-05-01,24,1,4
1000963,2026-06-01,24,5,2
1000963,2026-07-01,27,5,4
1000963,2026-08-01,23,3,4
1000964,2026-03-01,21,6,4
1000964,2026-04-01,17,3,3
1000964,2026-05-01,14,4,5
1000964,2026-06-01,10,5,4
1000964,2026-07-01,7,3,3
1000964,2026-08-01,3,0,2
1000965,2026-03-01,24,3,2
1000965,2026-04-01,25,4,3
1000965,2026-05-01,20,2,3
1000965,2026-06-01,20,6,4
1000965,2026-07-01,23,3,5
1000965,2026-08-01,19,1,4
1000966,2026-03-01,18,6,2
1000966,2026-04-01,17,6,3
1000966,2026-05-01,20,5,3
1000966,2026-06-01,21,3,3
1000966,2026-07-01,17,3,4
1000966,2026-08-01,19,0,3
1000967,2026-03-01,18,1,5
1000967,2026-04-01,17,3,2
1000967,2026-05-01,17,5,5
1000967,2026-06-01,17,2,3
1000967,2026-07-01,16,1,5
1000967,2026-08-01,16,4,1
1000968,2026-03-01,33,1,5
1000968,2026-04-01,28,1,2
1000968,2026-05-01,28,2,5
1000968,2026-06-01,32,0,3
1000968,2026-07-01,28,6,5
1000968,2026-08-01,30,5,3
1000969,2026-03-01,25,0,5
1000969,2026-04-01,27,4,2
1000969,2026-05-01,27,5,2
1000969,2026-06-01,26,0,3
1000969,2026-07-01,22,3,1
1000969,2026-08-01,26,6,5
1000970,2026-03-01,20,1,2
1000970,2026-04-01,18,6,3
1000970,2026-05-01,18,5,2
1000970,2026-06-01,17,1,3
1000970,2026-07-01,19,2,4
1000970,2026-08-01,21,3,1
1000971,2026-03-01,17,3,5
1000971,2026-04-01,18,3,5
1000971,2026-05-01,13,6,4
1000971,2026-06-01,14,2,4
1000971,2026-07-01,13,4,4
1000971,2026-08-01,17,3,3
1000972,2026-03-01,31,0,2
1000972,2026-04-01,28,4,2
1000972,2026-05-01,32,5,5
1000972,2026-06-01,32,2,4
1000972,2026-07-01,29,5,3
1000972,2026-08-01,29,5,3
1000973,2026-03-01,32,3,5
1000973,2026-04-01,41,6,1
1000973,2026-05-01,42,2,3
1000973,2026-06-01,32,4,2
1000973,2026-07-01,39,3,4
1000973,2026-08-01,38,0,4
1000974,2026-03-01,23,4,4
1000974,2026-04-01,27,4,1
1000974,2026-05-01,25,1,4
1000974,2026-06-01,25,2,1
1000974,2026-07-01,22,2,2
1000974,2026-08-01,26,2,4
1000975,2026-03-01,29,0,5
1000975,2026-04-01,30,2,2
1000975,2026-05-01,35,3,5
1000975,2026-06-01,37,1,3
1000975,2026-07-01,30,5,2
1000975,2026-08-01,31,3,4
1000976,2026-03-01,45,4,4
1000976,2026-04-01,36,1,5
1000976,2026-05-01,40,2,5
1000976,2026-06-01,41,5,2
1000976,2026-07-01,41,4,1
1000976,2026-08-01,40,4,2
1000977,2026-03-01,13,0,1
1000977,2026-04-01,12,6,3
1000977,2026-05-01,14,2,3
1000977,2026-06-01,14,4,5
1000977,2026-07-01,12,2,4
1000977,2026-08-01,12,5,2
1000978,2026-03-01,27,1,5
1000978,2026-04-01,22,0,1
1000978,2026-05-01,27,2,3
1000978,2026-06-01,27,0,5
1000978,2026-07-01,23,2,5
1000978,2026-08-01,29,6,1
1000979,2026-03-01,35,2,2
1000979,2026-04-01,29,4,5
1000979,2026-05-01,23,5,2
1000979,2026-06-01,17,1,2
1000979,2026-07-01,11,0,2
1000979,2026-08-01,5,0,1
1000980,2026-03-01,33,5,1
1000980,2026-04-01,37,1,5
1000980,2026-05-01,36,4,2
1000980,2026-06-01,38,1,5
1000980,2026-07-01,37,6,4
1000980,2026-08-01,40,4,3
1000981,2026-03-01,21,2,2
1000981,2026-04-01,18,0,3
1000981,2026-05-01,18,4,5
1000981,2026-06-01,20,6,3
1000981,2026-07-01,18,6,2
1000981,2026-08-01,22,6,2
1000982,2026-03-01,36,5,2
1000982,2026-04-01,31,0,3
1000982,2026-05-01,39,5,2
1000982,2026-06-01,39,0,4
1000982,2026-07-01,34,4,2
1000982,2026-08-01,31,6,1
1000983,2026-03-01,13,5,1
1000983,2026-04-01,10,0,2
1000983,2026-05-01,8,2,5
1000983,2026-06-01,6,5,1
1000983,2026-07-01,4,1,3
1000983,2026-08-01,2,6,5
1000984,2026-03-01,28,1,1
1000984,2026-04-01,23,6,1
1000984,2026-05-01,18,1,2
1000984,2026-06-01,14,6,2
1000984,2026-07-01,9,1,3
1000984,2026-08-01,4,4,2
1000985,2026-03-01,13,5,4
1000985,2026-04-01,16,2,2
1000985,2026-05-01,15,3,3
1000985,2026-06-01,18,5,2
1000985,2026-07-01,18,5,1
1000985,2026-08-01,15,1,1
1000986,2026-03-01,10,4,4
1000986,2026-04-01,9,0,1
1000986,2026-05-01,9,4,2
1000986,2026-06-01,10,2,4
1000986,2026-07-01,8,4,3
1000986,2026-08-01,9,6,4
1000987,2026-03-01,31,5,1
1000987,2026-04-01,38,6,1
1000987,2026-05-01,33,2,3
1000987,2026-06-01,29,1,5
1000987,2026-07-01,33,2,2
1000987,2026-08-01,35,1,2
1000988,2026-03-01,11,3,2
1000988,2026-04-01,13,4,1
1000988,2026-05-01,10,3,4
1000988,2026-06-01,11,3,5
1000988,2026-07-01,11,1,3
1000988,2026-08-01,12,3,5
1000989,2026-03-01,16,4,3
1000989,2026-04-01,13,0,3
1000989,2026-05-01,15,6,5
1000989,2026-06-01,15,5,5
1000989,2026-07-01,16,5,5
1000989,2026-08-01,15,2,5
1000990,2026-03-01,31,3,5
1000990,2026-04-01,27,1,4
1000990,2026-05-01,31,5,2
1000990,2026-06-01,26,0,4
1000990,2026-07-01,25,3,2
1000990,2026-08-01,28,1,4
1000991,2026-03-01,30,0,5
1000991,2026-04-01,25,2,3
1000991,2026-05-01,20,2,3
1000991,2026-06-01,15,3,5
1000991,2026-07-01,10,6,3
1000991,2026-08-01,5,3,2
1000992,2026-03-01,7,4,3
1000992,2026-04-01,9,0,5
1000992,2026-05-01,8,4,4
1000992,2026-06-01,9,0,5
1000992,2026-07-01,8,2,5
1000992,2026-08-01,8,3,4
1000993,2026-03-01,19,5,5
1000993,2026-04-01,17,1,1
1000993,2026-05-01,17,6,3
1000993,2026-06-01,17,1,4
1000993,2026-07-01,18,2,3
1000993,2026-08-01,18,4,2
1000994,2026-03-01,31,6,5
1000994,2026-04-01,31,6,5
1000994,2026-05-01,32,0,2
1000994,2026-06-01,35,3,2
1000994,2026-07-01,31,5,4
1000994,2026-08-01,35,4,5
1000995,2026-03-01,28,5,5
1000995,2026-04-01,30,5,3
1000995,2026-05-01,29,5,3
1000995,2026-06-01,25,1,5
1000995,2026-07-01,22,4,5
1000995,2026-08-01,23,6,3
1000996,2026-03-01,35,2,2
1000996,2026-04-01,38,2,4
1000996,2026-05-01,37,3,5
1000996,2026-06-01,35,0,1
1000996,2026-07-01,30,6,3
1000996,2026-08-01,32,2,1
1000997,2026-03-01,36,4,2
1000997,2026-04-01,37,2,2
1000997,2026-05-01,43,2,2
1000997,2026-06-01,42,3,2
1000997,2026-07-01,38,1,4
1000997,2026-08-01,40,2,4
1000998,2026-03-01,8,4,2
1000998,2026-04-01,8,0,1
1000998,2026-05-01,7,1,1
1000998,2026-06-01,8,6,2
1000998,2026-07-01,7,3,3
1000998,2026-08-01,7,5,1
1000999,2026-03-01,9,0,5
1000999,2026-04-01,11,6,5
1000999,2026-05-01,8,1,3
1000999,2026-06-01,9,0,5
1000999,2026-07-01,9,3,2
1000999,2026-08-01,10,3,1
1001000,2026-03-01,32,4,4
1001000,2026-04-01,26,3,1
1001000,2026-05-01,21,2,1
1001000,2026-06-01,16,0,3
1001000,2026-07-01,10,3,5
1001000,2026-08-01,5,5,5
